40	2	6	『a』
40	2	15	『b』
40	2	18	『c』
40	3	3	『a』
40	4	4	『a』
40	4	6	『b』
40	4	7	『c』
40	4	10	『d』
40	4	16	『e』
40	5	21	『a』
40	5	26	『d』
40	5	27	『e』
40	5	31	『f』
40	5	37	『g』
40	5	38	『h』
40	5	43	『i』
40	5	44	『j』
40	6	13	『a』
40	6	27	『c』
40	8	17	『b』
40	10	36	『c』
40	11	10	『b』
40	12	21	『b』
40	12	46	『c』
40	13	15	『b』
40	13	35	『c』
40	15	9	『c』
40	17	20	『a』
40	18	10	『a』
40	18	16	『c』
40	18	22	『d』
40	18	24	『e』
40	19	4	『a』
40	19	5	『b』
40	19	9	『c』
40	19	19	『d』
40	20	7	『b』
40	20	16	『c』
40	21	5	『a』
40	21	16	『h』
40	21	42	『j』
40	21	43	『k』
40	22	19	『a』
40	22	37	『d』
40	22	39	『e』
40	22	44	『f』
40	23	13	『b』
40	23	39	『c』
40	24	29	『b』
40	24	30	『c』
40	25	13	『a』
40	26	6	『a』
40	26	20	『c』
40	26	31	『e』
40	26	64	『g』
40	27	10	『a』
40	27	16	『b』
40	27	24	『c』
40	27	35	『d』
40	28	6	『a』
41	1	1	『a』
41	1	2	『b』
41	1	3	『c』
41	2	16	『a』
41	2	22	『b』
41	4	12	『a』
41	5	1	『a』
41	6	11	『a』
41	7	4	『a』
41	7	7	『b』
41	7	8	『c』
41	7	9	『d』
41	7	15	『g』
41	7	21	『h』
41	7	31	『j』
41	8	26	『a』
41	9	29	『b』
41	9	43	『c』
41	9	45	『d』
41	9	48	『e』
41	9	49	『f』
41	10	6	『a』
41	10	7	『b』
41	10	19	『d』
41	10	24	『e』
41	11	10	『c』
41	11	25	『f』
41	12	11	『a』
41	12	26	『d』
41	12	30	『e』
41	12	36	『g』
41	13	25	『c』
41	14	68	『g』
41	14	70	『h』
41	15	27	『a』
41	15	34	『b』
41	16	8	『a』
42	1	28	『a』
42	2	23	『b』
42	2	24	『c』
42	2	49	『e』
42	3	6	『a』
42	4	4	『a』
42	4	8	『b』
42	4	11	『c』
42	4	12	『d』
42	4	19	『f』
42	4	27	『g』
42	4	44	『h』
42	5	1	『a』
42	6	48	『b』
42	7	27	『b』
42	8	10	『b』
42	9	54	『b』
42	9	55	『c』
42	11	4	『c』
42	12	25	『b』
42	12	59	『f』
42	13	35	『a』
42	17	19	『b』
42	17	35	『d』
42	18	20	『a』
42	20	17	『a』
42	20	30	『c』
42	20	37	『d』
42	20	43	『e』
42	21	2	『a』
42	22	20	『a』
42	22	44	『c』
42	23	16	『a』
42	23	23	『b』
42	23	30	『c』
43	1	5	『a』
43	1	51	『f』
43	2	17	『b』
43	3	13	『b』
43	3	21	『c』
43	3	36	『d』
43	5	3	『a』
43	6	31	『c』
43	7	52	『b』
43	8	59	『e』
43	9	35	『a』
43	9	39	『b』
43	10	34	『b』
43	11	18	『a』
43	12	15	『g』
43	12	38	『h』
43	12	40	『i』
43	13	18	『a』
43	14	4	『b』
43	14	17	『d』
43	15	25	『a』
43	16	16	『a』
43	17	15	『a』
43	19	36	『b』
43	19	37	『c』
43	19	39	『d』
44	1	12	『c』
44	2	9	『a』
44	2	21	『b』
44	2	28	『c』
44	2	35	『d』
44	3	6	『a』
44	3	23	『c』
44	3	25	『d』
44	4	11	『a』
44	4	26	『c』
44	7	3	『a』
44	7	7	『b』
44	7	28	『d』
44	7	34	『f』
44	7	37	『g』
44	7	40	『h』
44	7	43	『i』
44	7	46	『j』
44	7	50	『k』
44	8	33	『a』
44	8	36	『b』
44	9	5	『a』
44	10	6	『a』
44	10	19	『b』
44	13	33	『a』
44	13	34	『b』
44	13	35	『c』
44	13	41	『d』
44	13	47	『e』
44	15	18	『b』
44	15	24	『c』
44	15	33	『d』
44	19	19	『b』
44	20	21	『b』
44	23	5	『a』
44	24	6	『a』
44	27	37	『g』
44	28	11	『b』
44	28	27	『d』
44	28	28	『e』
45	1	17	『a』
45	2	6	『a』
45	3	4	『a』
45	3	12	『b』
45	3	14	『e』
45	3	17	『f』
45	3	18	『g』
45	4	3	『a』
45	4	8	『b』
45	4	18	『d』
45	4	22	『e』
45	7	7	『a』
45	8	1	『a』
45	8	36	『d』
45	9	7	『a』
45	9	9	『b』
45	9	12	『c』
45	9	13	『d』
45	9	15	『e』
45	9	17	『f』
45	9	20	『g』
45	9	25	『h』
45	9	26	『i』
45	9	28	『j』
45	9	29	『k』
45	9	33	『l』
45	10	5	『a』
45	10	11	『e』
45	10	13	『f』
45	10	16	『i』
45	10	18	『j』
45	10	19	『k』
45	10	20	『l』
45	10	21	『m』
45	11	3	『a』
45	11	4	『b』
45	11	6	『c』
45	11	8	『d』
45	11	10	『e』
45	11	27	『f』
45	11	34	『g』
45	11	35	『h』
45	12	19	『a』
45	12	20	『b』
45	14	21	『d』
45	14	23	『e』
45	15	3	『a』
45	15	9	『b』
45	15	10	『c』
45	15	11	『d』
45	15	12	『e』
45	15	21	『f』
45	16	23	『c』
46	1	19	『b』
46	1	31	『c』
46	2	9	『a』
46	3	19	『a』
46	3	20	『b』
46	5	5	『a』
46	5	13	『b』
46	6	16	『a』
46	6	20	『b』
46	9	5	『a』
46	10	7	『a』
46	10	26	『c』
46	10	28	『d』
46	14	21	『a』
46	14	38	『b』
46	15	32	『c』
46	15	33	『d』
46	15	45	『e』
46	15	54	『f』
46	15	55	『g』
46	16	22	『b』
46	16	24	『c』
47	6	16	『b』
47	6	17	『c』
47	8	15	『a』
47	9	9	『a』
47	10	17	『a』
47	13	1	『a』
47	13	14	『c』
48	2	21	『d』
48	3	6	『a』
48	3	8	『b』
48	3	10	『c』
48	3	11	『d』
48	3	12	『e』
48	3	13	『f』
48	4	27	『b』
48	4	30	『d』
48	5	14	『a』
49	3	14	『a』
49	5	30	『a』
49	5	31	『b』
49	6	3	『a』
50	4	23	『a』
51	1	2	『a』
51	3	6	『b』
51	4	18	『a』
52	5	28	『a』
53	3	18	『a』
54	6	5	『a』
54	6	21	『c』
55	4	22	『b』
56	1	12	『a』
56	3	15	『a』
57	1	10	『a』
57	1	25	『b』
58	1	6	『c』
58	1	7	『d』
58	1	9	『e』
58	1	13	『h』
58	2	12	『d』
58	3	6	『b』
58	3	11	『c』
58	3	15	『d』
58	4	4	『b』
58	4	7	『c』
58	5	5	『a』
58	5	6	『b』
58	6	14	『c』
58	7	17	『a』
58	7	21	『b』
58	8	5	『a』
58	8	12	『b』
58	9	20	『c』
58	10	7	『a』
58	10	16	『b』
58	10	17	『c』
58	11	18	『b』
58	12	6	『a』
58	12	20	『b』
58	12	21	『c』
58	12	26	『d』
58	12	29	『e』
58	13	5	『a』
58	13	6	『b』
58	13	25	『e』
59	4	6	『b』
60	1	16	『a』
60	2	6	『a』
60	2	7	『b』
60	2	22	『d』
60	2	24	『e』
60	3	12	『a』
60	4	14	『b』
60	4	16	『c』
60	4	18	『d』
60	5	5	『d』
60	5	14	『g』
61	1	17	『a』
61	3	10	『b』
61	3	18	『e』
62	2	20	『a』
62	5	7	『a』
62	5	21	『d』
63	1	13	『b』
65	1	9	『b』
65	1	15	『d』
66	5	14	『b』
66	7	16	『a』
66	10	9	『a』
66	11	4	『a』
66	12	17	『b』
66	13	18	『c』
66	14	5	『a』
66	14	20	『d』
66	15	3	『a』
66	21	3	『b』
