40	1	23	(Immanuel)「<RF q=a>a 23 Isaiah 7:14 <Rf>」
40	3	11	(with)「<RF q=b>b 11 Or <em>in water  in the Holy Spirit</em><Rf>」
40	3	16	(were opened)「<RF q=c>c 16 NA BYZ and TR include include <em>αὐτῷ</em> <Rf>」
40	4	25	(<em>the</em> Decapolis)「<RF q=f>f 25 That is the Ten Cities <Rf>」
40	5	22	(of him)「<RF q=b>b 22 BYZ and TR <em>τῷ ἀδελφῷ αὐτοῦ εἰκῇ</em><Rf>」
40	5	22	(Raca)「<RF q=c>c 22 An Aramaic expression of contempt<Rf>」
40	6	19	(rust)「<RF q=b>b 19 Or <em>worm</em> also in verse 20<Rf>」
40	8	2	(a leper)「<RF q=a>a 2 Leprosy was a term for several skin diseases See Leviticus 13<Rf>」
40	8	28	(Gadarenes)「<RF q=c>c 28 BYZ and TR <em>Γεργεσηνῶν</em> <Rf>」
40	9	13	(sacrifice)「<RF q=a>a 13 Hosea 6:6 <Rf>」
40	10	8	(lepers)「<RF q=a>a 8 Leprosy was a term for several skin diseases See Leviticus 13<Rf>」
40	10	29	(for an assarion)「<RF q=b>b 29 Greek <em>assarion</em> a Roman copper coin worth about 1/16 of a denarius<Rf>」
40	11	5	(lepers)「<RF q=a>a 5 Leprosy was a term for several skin diseases See Leviticus 13<Rf>」
40	11	12	(is taken by violence)「<RF q=c>c 12 Or <em>has been forcefully advancing</em><Rf>」
40	11	15	(ears)「<RF q=d>d 15 BYZ and TR <em>ὦτα ἀκούειν</em> <Rf>」
40	12	7	(sacrifice)「<RF q=a>a 7 Hosea 6:6<Rf>」
40	13	9	(ears)「<RF q=a>a 9 BYZ and TR <em>ὦτα ἀκούειν</em><Rf>」
40	13	43	(ears)「<RF q=d>d 43 BYZ and TR <em>ὦτα ἀκούειν</em> <Rf>」
40	14	24	(stadia)「<RF q=a>a 24 Greek <em>many stadia</em> a stadion was about 607 feet or 185 meters <Rf>」
40	15	14	(of the blind)「<RF q=d>d 14 Or <em>blind guides</em> <Rf>」
40	16	3	(times)「<RF q=a>a 2-3 Several manuscripts do not include <em>Ὀψίας γενομένης λέγετε    καιρῶν οὐ δύνασθε</em> from verses 2 and 3<Rf>」
40	16	21	(Jesus)「<RF q=b>b 21 NE and WH <em>Ἰησοῦς Χριστὸς</em> <Rf>」
40	17	27	(a four-drachma coin)「<RF q=b>b 27 Greek stater a silver coin worth approximately one shekel <Rf>」
40	18	15	(you)「<RF q=b>b 15 NE and WH do not include <em>εἰς σὲ</em><Rf>」
40	18	28	(denarii)「<RF q=f>f 28 A denarius was customarily a day's wage for a laborer (see Matthew 20:2) <Rf>」
40	19	29	(wife)「<RF q=e>e 29 NE WH and NA do not include <em>ἢ γυναῖκα</em> <Rf>」
40	20	2	(a denarius)「<RF q=a>a 2 A denarius was customarily a day's wage for a laborer<Rf>」
40	20	23	(You will drink)「<RF q=e>e 23 BYZ and TR include <em>καὶ τὸ βάπτισμα ὃ ἐγὼ βαπτίζομαι βαπτισθήσεσθε</em> <Rf>」
40	21	12	(temple)「<RF q=e>e 12 BYZ <em>τοῦ θεοῦ</em><Rf>」
40	21	29	(having repented)「<RF q=i>i 29 NE and WH do not include <em>ὕστερον δὲ μεταμεληθεὶς</em><Rf>」
40	22	30	(angels)「<RF q=b>b 30 SBL and TR<em>ἄγγελοι θεοῦ</em> BYZ <em>ἄγγελοι τοῦ θεοῦ</em><Rf>」
40	22	32	(of Jacob)「<RF q=c>c 32 Exodus 3:6<Rf>」
40	23	4	(hard to bear)「<RF q=a>a 4 SBL NE and WH do not include <em>καὶ δυσβάστακτα</em><Rf>」
40	24	15	(of desolation)「<RF q=a>a 15 Daniel 9:27 11:31 12:11<Rf>」
40	24	33	(He is)「<RF q=d>d 33 Or <em>it is</em><Rf>」
40	24	36	(Son)「<RF q=e>e 36 BYZ and TR do not include <em>οὐδὲ ὁ υἱός</em> <Rf>」
40	25	15	(talents)「<RF q=b>b 15 A talent was worth about twenty years' wages for a laborer <Rf>」
40	26	11	(you)「<RF q=b>b 11 See Deuteronomy 15:11<Rf>」
40	26	28	(covenant)「<RF q=d>d 28 BYZ and TR <em>τὸ τῆς καινῆς διαθήκης</em><Rf>」
40	26	50	(are you come)「<RF q=f>f 50 Or <em>Friend why have you come</em><Rf>」
40	28	9	(And)「<RF q=b>b 9 BYZ and TR include <em>Ὡς δὲ ἐπορεύοντο ἀπαγγεῖλαι τοῖς μαθηταῖς αὐτοῦ</em><PF0><PI0><Rf>」
41	1	8	(with water)「<RF q=d>d 8 Or <em>in water</em><Rf>」
41	1	40	(a leper)「<RF q=e>e 40 Leprosy was a term for several skin diseases See Leviticus 13<Rf>」
41	1	41	(having been moved with compassion)「<RF q=f>f 41 SBL <em>ὀργισθεὶς</em> <Rf>」
41	5	20	(Decapolis)「<RF q=b>b 20 That is the Ten Cities <Rf>」
41	6	37	(denarii)「<RF q=b>b 37 A denarius was customarily a day's wage for a laborer (see Matthew 20:2) <Rf>」
41	7	24	(of Tyre)「<RF q=i>i 24 WH BYZ and TR include <em>καὶ Σιδῶνος</em><Rf>」
41	9	24	(having cried out)「<RF q=a>a 24 BYZ and TR include <em>μετὰ δακρύων</em><Rf>」
41	10	8	(one)「<RF q=c>c 8 Genesis 2:24<Rf>」
41	12	15	(a denarius)「<RF q=b>b 15 A denarius was customarily a day's wage for a laborer (see Matthew 20:2)<Rf>」
41	12	23	(they rise)「<RF q=c>c 23 WH does not include <em>ὅταν ἀναστῶσιν</em><Rf>」
41	12	31	(yourself)「<RF q=f>f 31 Leviticus 19:18<Rf>」
41	12	42	(lepta)「<RF q=h>h 42 Greek <em>two lepta</em> a lepton was a Jewish copper coin worth about 1/128 of a denarius <Rf>」
41	13	14	(desolation)「<RF q=a>a 14 Daniel 9:27 11:31 12:11 BYZ and TR include <em>τὸ ῥηθὲν ὑπὸ Δανιὴλ τοῦ προφήτου</em><Rf>」
41	13	14	(it should)「<RF q=b>b 14 Or <em>he should</em><Rf>」
41	13	29	(He is)「<RF q=d>d 29 Or <em>it is near</em><Rf>」
41	13	33	(watch)「<RF q=e>e 33 BYZ and TR include <em>καὶ προσεύχεσθε</em> <Rf>」
41	14	3	(leper)「<RF q=a>a 3 Leprosy was a term for several skin diseases See Leviticus 13<Rf>」
41	14	5	(denarii)「<RF q=b>b 5 A denarius was customarily a day's wage for a laborer (see Matthew 20:2)<Rf>」
41	14	7	(you)「<RF q=c>c 7 See Deuteronomy 15:11<Rf>」
41	14	24	(covenant)「<RF q=d>d 24 BYZ and TR <em>καινῆς διαθήκης</em><Rf>」
41	15	39	(He breathed His last)「<RF q=c>c 39 BYZ and TR <em>κράξας ἐξέπνευσεν</em><Rf>」
41	15	47	(of Joseph)「<RF q=d>d 47 BYZ and TR <em>Ἰωσῆ</em> <Rf>」
42	1	35	(being born)「<RF q=b>b 35 TR <em>γεννώμενον ἐκ σοῦ</em><Rf>」
42	1	80	(in spirit)「<RF q=c>c 80 Or <em>in the Spirit</em> <Rf>」
42	2	2	(took place <em>when</em>)「<RF q=a>a 2 Or <em>This was the census before</em><Rf>」
42	2	37	(four)「<RF q=d>d 37 Or <em>was a widow for eighty-four years</em><Rf>」
42	3	32	(of Sala)「<RF q=d>d 32 BYZ and TR <em>Σαλμών</em><Rf>」
42	3	33	(of Admin)「<RF q=e>e 33 BYZ and TR <em>Ἀράμ</em><Rf>」
42	3	33	(of Arni)「<RF q=f>f 33 WH BYZ and TR do not include <em>τοῦ Ἀρνὶ</em> <Rf>」
42	5	12	(of leprosy)「<RF q=b>b 12 Leprosy was a term for several skin diseases See Leviticus 13 <Rf>」
42	6	1	(a Sabbath)「<RF q=a>a 1 BYZ and TR <em>σαββάτῳ δευτεροπρώτῳ</em><Rf>」
42	7	22	(lepers)「<RF q=a>a 22 Leprosy was a term for several skin diseases See Leviticus 13<Rf>」
42	7	41	(denarii)「<RF q=c>c 41 A denarius was customarily a day's wage for a laborer (see Matthew 20:2) <Rf>」
42	8	3	(to them)「<RF q=a>a 3 TR <em>αὐτῷ</em><Rf>」
42	8	26	(Gerasenes)「<RF q=c>c 26 BYZ and TR <em>Γαδαρηνῶν</em> also verse 37<Rf>」
42	8	43	(living)「<RF q=d>d 43 NE and WH do not include <em>ἰατροῖς προσαναλώσασα ὅλον τὸν βίον</em><Rf>」
42	8	45	(Peter)「<RF q=e>e 45 BYZ and TR include <em>καὶ οἱ μετ’ αὐτοῦ</em> <Rf>」
42	9	35	(of Me)「<RF q=a>a 35 BYZ and TR <em>Οὗτός ἐστιν ὁ υἱός μου ὁ ἀγαπητός</em><Rf>」
42	10	1	(two)「<RF q=a>a 1 NE BYZ and TR <em>ἑβδομήκοντα</em> also in verse 17<Rf>」
42	10	7	(of him)「<RF q=b>b 7 Leviticus 19:13 Deuteronomy 24:1415<Rf>」
42	10	35	(denarii)「<RF q=e>e 35 A denarius was customarily a day's wage for a laborer (see Matthew 20:2) <Rf>」
42	11	11	(son)「<RF q=d>d 11 BYZ and TR include <em>ἄρτον μὴ λίθον ἐπιδώσει αὐτῷ</em> <Rf>」
42	12	6	(assarion)「<RF q=a>a 6 Greek <em>two assaria</em> an assarion was a Roman copper coin worth about 1/16 of a denarius<Rf>」
42	12	27	(do they spin)「<RF q=c>c 27 NE and Tischendorf <em>οὔτε νήθει οὔτε ὑφαίνει</em><Rf>」
42	12	31	(of Him)「<RF q=d>d 31 BYZ and TR <em>τοῦ θεοῦ</em><Rf>」
42	12	39	(is coming)「<RF q=e>e 39 BYZ and TR include <em>ἐγρηγόρησεν ἄν καὶ</em><Rf>」
42	14	5	(a son)「<RF q=a>a 5 TR <em>ὄνος </em>  <Rf>」
42	15	8	(ten)「<RF q=a>a 8 Greek <em>ten drachmas</em> each worth about a day's wages <Rf>」
42	16	6	(baths)「<RF q=a>a 6 Greek <em>A hundred baths</em> about 875 gallons or 3200 liters<Rf>」
42	16	7	(cors)「<RF q=b>b 7 Greek <em>A hundred cors</em> approximately 1100 bushels or 40000 liters <Rf>」
42	17	12	(leprous)「<RF q=a>a 12 Leprosy was a term for several skin diseases See Leviticus 13<Rf>」
42	17	21	(of you)「<RF q=c>c 21 Or <em>within you</em> or <em>within your grasp</em><Rf>」
42	19	13	(minas)「<RF q=a>a 13 A mina was worth about three months' wages for a laborer<Rf>」
42	19	38	(of <em>the</em> Lord)「<RF q=b>b 38 Psalm 118:26<Rf>」
42	20	24	(a denarius)「<RF q=b>b 24 A denarius was customarily a day's wage for a laborer (see Matthew 20:2)<Rf>」
42	22	37	(He was reckoned)「<RF q=b>b 37 Isaiah 53:12<Rf>」
42	22	64	(Him)「<RF q=d>d 64 BYZ and TR include <em>ἔτυπτον αὐτοῦ τὸ πρόσωπον καὶ</em> <Rf>」
42	23	34	(they do)「<RF q=d>d 34 Some manuscripts do not include <em>ὁ δὲ Ἰησοῦς ἔλεγεν Πάτερ ἄφες αὐτοῖς· οὐ γὰρ οἴδασιν τί ποιοῦσιν</em><Rf>」
42	23	38	(an inscription)「<RF q=e>e 38 BYZ and TR include <em>γράμμασιν Ἑλληνικοῖς καὶ Ῥωμαϊκοῖς καὶ Ἑβραϊκοῖς</em><Rf>」
42	23	46	(of Me)「<RF q=f>f 46 Psalm 31:5 <Rf>」
42	24	13	(sixty)「<RF q=a>a 13 Greek <em>sixty stadia</em> about 11 kilometers<Rf>」
42	24	42	(of a fish)「<RF q=b>b 42 BYZ and TR include <em>καὶ ἀπὸ μελισσίου κηρίου</em><PF0><PI0><Rf>」
43	1	23	(of <em>the</em> Lord)「<RF q=c>c 23 Isaiah 40:3<Rf>」
43	1	26	(with)「<RF q=d>d 26 Or <em>in</em> also in verses 31 and 33<Rf>」
43	1	34	(Son)「<RF q=e>e 34 SBL <em>ἐκλεκτὸς</em><Rf>」
43	2	6	(metretae)「<RF q=a>a 6 Greek <em>two or three metretae</em> or <em>from 75 to 115 liters</em><Rf>」
43	3	3	(from above)「<RF q=a>a 3 Or <em>born from above</em> also in verse 7<Rf>」
43	6	7	(denarii worth)「<RF q=a>a 7 A denarius was customarily a day's wage for a laborer (see Matthew 20:2)<Rf>」
43	6	19	(twenty)「<RF q=b>b 19 Greek <em>twenty-five or thirty stadia</em> approximately 45 to 55 kilometers<Rf>」
43	6	45	(of God)「<RF q=d>d 45 Isaiah 54:13 <Rf>」
43	7	8	(not)「<RF q=a>a 8 NE WH BYZ and TR <em>οὔπω</em><Rf>」
43	8	9	(having heard)「<RF q=a>a 9 NE BYZ and TR include <em>καὶ ὑπὸ τῆς συνειδήσεως ἐλεγχόμενοι</em><Rf>」
43	8	10	(Jesus)「<RF q=b>b 10 NE BYZ and TR include <em>καὶ μηδένα θεασάμενος πλὴν τὴς γυναικὸς</em><Rf>」
43	8	10	(you)「<RF q=c>c 10 WH and NA do not include<em>ἐκεῖνοι οἱ κατήγοροί σου</em><Rf>」
43	8	54	(of us)「<RF q=d>d 54 WH and TR <em>ὑμῶν</em><Rf>」
43	10	22	(Feast of Dedication)「<RF q=a>a 22 That is Hanukkah also called the Feast of Lights<Rf>」
43	11	33	(in spirit)「<RF q=b>b 33 Or <em>He was angry in His spirit</em> also in verse 38 <Rf>」
43	12	3	(a litra)「<RF q=a>a 3 Greek <em>litra</em> or about a half liter<Rf>」
43	12	5	(denarii)「<RF q=b>b 5 A denarius was customarily a day's wage for a laborer (see Matthew 20:2)<Rf>」
43	12	8	(you)「<RF q=c>c 8 See Deuteronomy 15:11<Rf>」
43	14	1	(God)「<RF q=a>a 1 Or <em>Believe in God</em><Rf>」
43	14	14	(Me)「<RF q=c>c 14 TR does not include <em>με</em><Rf>」
43	16	27	(God)「<RF q=b>b 27 WH <em>τοῦ πατρὸς</em> <Rf>」
43	19	24	(a lot)「<RF q=a>a 24 Psalm 22:18<Rf>」
43	21	8	(two hundred)「<RF q=a>a 8 Greek <em>two hundred cubits</em> or about 90 meters<PF0><PI0><Rf>」
44	1	4	(being assembled together)「<RF q=a>a 4 Or <em>eating together</em><Rf>」
44	1	5	(with)「<RF q=b>b 5 Or <em>in</em><Rf>」
44	2	43	(awe)「<RF q=e>e 43 Or <em>fear</em> <Rf>」
44	3	13	(servant)「<RF q=b>b 13 Or <em>child</em> also in verse 26<Rf>」
44	4	25	(servant)「<RF q=b>b 25 Or <em>child</em> also verses 27 and 30<Rf>」
44	7	20	(to God)「<RF q=c>c 20 Or <em>he was of great status in God's eyes</em><Rf>」
44	7	32	(of Jacob)「<RF q=e>e 32 Exodus 3:6<Rf>」
44	10	21	(men)「<RF q=c>c 21 TR <em>ἄνδρας τοῦς ἀπεσταλμένους ἀπὸ τοῦ Κορνηλίου πρὸς αὑτόν</em> <Rf>」
44	11	16	(with water)「<RF q=a>a 16 Or <em>in water</em> <Rf>」
44	12	25	(mission)「<RF q=a>a 25 NE and TR <em>ἐξ</em> <Rf>」
44	15	14	(Simeon)「<RF q=a>a 14 Greek <em>Simeon</em> a variant of Simon<Rf>」
44	16	16	(of Python)「<RF q=a>a 16 Greek <em>Python</em> a spirit of divination named after the mythical serpent slain by Apollo <Rf>」
44	18	21	(having said)「<RF q=a>a 21 BYZ and TR include <em>Δεῖ με πάντως τὴν ἑορτὴν τὴν ἐρχομένην ποιῆσαι εἰς Ἱεροσόλυμα· πάλιν δὲ</em> <Rf>」
44	19	1	(parts)「<RF q=a>a 1 Or <em>highland</em><Rf>」
44	20	15	(Samos)「<RF q=a>a 15 BYZ and TR include <em>καὶ μείναντες ἐν Tρωγυλλίῳ</em><Rf>」
44	21	40	(language)「<RF q=a>a 40 Or <em>Aramaic</em> <Rf>」
44	22	2	(language)「<RF q=a>a 2 Or <em>Aramaic</em> <Rf>」
44	26	14	(language)「<RF q=a>a 14 Or <em>Aramaic</em> <Rf>」
44	27	9	(Fast)「<RF q=a>a 9 That is Yom Kippur the Day of Atonement<Rf>」
44	27	16	(Cauda)「<RF q=b>b 16 NE BYZ and TR <em>Κλαῦδα</em><Rf>」
44	27	17	(gear)「<RF q=c>c 17 Or <em>the sails</em><Rf>」
44	27	27	(Adriatic)「<RF q=d>d 27 The Adriatic Sea referred to an area also extending well south of Italy<Rf>」
44	28	4	(Justice)「<RF q=a>a 4 Greek <em>Dike</em> that is the Greek goddess of justice<Rf>」
44	28	16	(Rome)「<RF q=c>c 16 BYZ and TR include <em>ὁ ἑκατόνταρχος παρέδωκεν τοὺς δεσμίους τῷ στρατοπεδάρχῃ· τῷ δὲ</em><Rf>」
45	2	24	(Gentiles)「<RF q=b>b 24 Isaiah 52:5 <Rf>」
45	4	17	(you)「<RF q=c>c 17 Genesis 17:5<Rf>」
45	5	1	(we have)「<RF q=a>a 1 WH and NE <em>ἔχωμεν</em> <Rf>」
45	8	2	(you)「<RF q=b>b 2 BYZ and TR <em>ἠλευθέρωσέν με</em><Rf>」
45	10	6	(heaven)「<RF q=b>b 6 Deuteronomy 30:12<Rf>」
45	10	7	(abyss)「<RF q=c>c 7 Deuteronomy 30:13<Rf>」
45	14	6	(regards <em>it</em>)「<RF q=a>a 6 BYZ and TR include <em>καὶ ὁ μὴ φρονῶν τὴν ἡμέραν κυρίῳ οὐ φρονεῖ</em><Rf>」
45	15	29	(of the blessing)「<RF q=g>g 29 TR and BYZ include <em>τοῦ εὐαγγελίου τοῦ</em> <Rf>」
45	16	1	(a servant)「<RF q=a>a 1 Or <em>deaconess</em><Rf>」
45	16	3	(Prisca)「<RF q=b>b 3 Or <em>Priscilla</em><Rf>」
46	1	12	(of Cephas)「<RF q=a>a 12 That is Peter<Rf>」
46	2	16	(Him)「<RF q=b>b 16 Isaiah 40:13 <Rf>」
46	3	22	(Cephas)「<RF q=c>c 22 That is Peter <Rf>」
46	4	17	(Jesus)「<RF q=a>a 17 BYZ and TR <em>ὁδούς μου τὰς ἐν χριστῷ</em> <Rf>」
46	7	15	(you)「<RF q=a>a 15 SBL BYZ and TR <em>ἡμᾶς</em><Rf>」
46	7	26	(present)「<RF q=b>b 26 Or <em>impending</em> <Rf>」
46	9	9	(treading out grain)「<RF q=b>b 9 Deuteronomy 25:4 <Rf>」
46	10	9	(Christ)「<RF q=b>b 9 WH NE and Tischendorf <em>τὸν κύριον</em><Rf>」
46	11	24	(you)「<RF q=a>a 24 BYZ and TR <em>τὸ ὑπὲρ ὑμῶν κλώμενον</em> <Rf>」
46	13	3	(I may boast)「<RF q=a>a 3 SBL NE BYZ and TR <em>καυθήσομαι</em> <Rf>」
46	15	5	(to Cephas)「<RF q=a>a 5 That is Peter<Rf>」
46	15	27	(of Him)「<RF q=b>b 27 Psalm 8:6<Rf>」
46	16	19	(Prisca)「<RF q=a>a 19 Or <em>Priscilla</em><Rf>」
47	1	19	(Silvanus)「<RF q=a>a 19 That is Silas <Rf>」
47	4	13	(I have spoken)「<RF q=c>c 13 Psalm 116:10 <Rf>」
47	5	17	(creation)「<RF q=a>a 17 Or <em>creature</em><Rf>」
47	13	11	(be exhorted)「<RF q=b>b 11 Or <em>listen to my appeal</em><Rf>」
48	1	18	(Cephas)「<RF q=a>a 18 That is Peter <Rf>」
48	2	9	(Cephas)「<RF q=c>c 9 That is Peter also in verses 11 and 14<Rf>」
48	3	16	(of you)「<RF q=g>g 16 Genesis 12:7 13:15 <Rf>」
48	4	3	(basic principles)「<RF q=a>a 3 Or <em>forces also in verse 9</em><Rf>」
48	4	28	(You)「<RF q=c>c 28 WH BYZ and TR <em>ἡμεῖς</em><Rf>」
48	6	14	(which)「<RF q=a>a 14 Or <em>through whom</em><PF0><PI0> <Rf>」
49	1	1	(Ephesus)「<RF q=a>a 1 Some manuscripts do not include <em>ἐν Ἐφέσῳ</em> <Rf>」
49	4	26	(sin)「<RF q=c>c 26 Psalm 4:4 <Rf>」
50	1	13	(palace guard)「<RF q=a>a 13 Or <em>palace</em><Rf>」
50	1	14	(word)「<RF q=b>b 14 NE and WH <em>λόγον τοῦ Θεοῦ</em> <Rf>」
50	2	15	(perverted)「<RF q=a>a 15 Deuteronomy 32:5 <Rf>」
51	1	7	(us)「<RF q=b>b 7 NE NA BYZ and TR <em>ὑμῶν</em><Rf>」
51	1	12	(you)「<RF q=c>c 12 BYZ and TR <em>ἡμᾶς</em><Rf>」
51	1	23	(creation)「<RF q=d>d 23 Or <em>to every creature</em> <Rf>」
51	3	4	(of you)「<RF q=a>a 4 NE WH BYZ and TR <em>ἡμῶν</em><Rf>」
53	1	1	(Silvanus)「<RF q=a>a 1 That is Silas <Rf>」
53	2	13	(<em>the</em> beginning)「<RF q=a>a 13 Or <em>God has chosen you as the firstfruits</em> <Rf>」
54	2	11	(A woman)「<RF q=a>a 11 Or <em>wife</em> also in verse 12<Rf>」
54	2	12	(a man)「<RF q=b>b 12 Or <em>over her husband</em> <Rf>」
54	3	11	(Women)「<RF q=a>a 11 Or <em>their wives</em><Rf>」
54	3	16	(<em>the</em> Spirit)「<RF q=b>b 16 Or <em>vindicated in spirit</em> <Rf>」
54	4	10	(strive)「<RF q=a>a 10 SBL BYZ and TR <em>ὀνειδιζόμεθα</em> <Rf>」
54	6	7	(because)「<RF q=b>b 7 BYZ and TR <em>κόσμον δῆλον</em><Rf>」
55	2	14	(God)「<RF q=a>a 14 SBL BYZ and TR <em>τοῦ κυρίου</em> <Rf>」
55	4	19	(Prisca)「<RF q=a>a 19 That is Priscilla<Rf>」
58	2	8	(of him)「<RF q=c>c 6-8 Psalm 8:4-6<Rf>」
58	3	5	(a servant)「<RF q=a>a 5 Numbers 12:7<Rf>」
58	4	3	(of Me)「<RF q=a>a 3 Psalm 95:11 also in verse 5<Rf>」
58	6	1	(works)「<RF q=a>a 1 Or <em>from pointless rituals</em><Rf>」
58	6	2	(about baptisms)「<RF q=b>b 2 Or <em>cleansing rites</em><Rf>」
58	7	25	(uttermost)「<RF q=c>c 25 Or <em>forever</em> <Rf>」
58	9	11	(having come)「<RF q=a>a 11 BYZ and TR <em>μελλόντων</em><Rf>」
58	9	14	(of us)「<RF q=b>b 14 BYZ and TR <em>ὑμῶν</em><Rf>」
58	11	5	(God)「<RF q=a>a 5 Genesis 5:24<Rf>」
58	11	37	(they were sawed in two)「<RF q=c>c 37 NE WH BYZ and TR include <em>ἐπειράσθησαν</em> <Rf>」
58	13	21	(good)「<RF q=c>c 21 BYZ and TR <em>παντὶ ἔργῳ ἀγαθῷ</em><Rf>」
58	13	21	(us)「<RF q=d>d 21 BYZ and TR <em>ὑμῖν</em><Rf>」
59	2	8	(yourself)「<RF q=a>a 8 Leviticus 19:18<Rf>」
59	2	11	(you shall commit adultery)「<RF q=b>b 11 Exodus 20:14 Deuteronomy 5:18<Rf>」
59	2	11	(you shall murder)「<RF q=c>c 11 Exodus 20:13 Deuteronomy 5:17<Rf>」
59	2	20	(worthless)「<RF q=d>d 20 BYZ and TR <em>νεκρά</em><Rf>」
59	2	23	(righteousness)「<RF q=e>e 23 Genesis 15:6 <Rf>」
59	4	4	(Adulteresses)「<RF q=a>a 4 See Hosea 3:1<Rf>」
60	1	22	(of heart)「<RF q=b>b 22 SBL NE and WH <em>ἐκ καρδίας</em><Rf>」
60	1	25	(age)「<RF q=c>c 24-25 Isaiah 40:6-8 <Rf>」
60	2	8	(of offense)「<RF q=c>c 8 Isaiah 8:14<Rf>」
60	2	25	(going astray)「<RF q=f>f 25 Isaiah 53:6 <Rf>」
60	3	18	(suffered)「<RF q=d>d 18 NE and WH <em>ἀπέθανεν</em> <Rf>」
60	4	1	(having suffered)「<RF q=a>a 1 BYZ and TR include <em>ὑπὲρ ἡμῶν</em><Rf>」
60	5	1	(I exhort)「<RF q=a>a 1 SBL NE and WH <em>οὖν</em><Rf>」
60	5	2	(exercising oversight)「<RF q=b>b 2 NE and WH do not include <em>ἐπισκοποῦντες</em><Rf>」
60	5	2	(God)「<RF q=c>c 2 WH BYZ and TR do not include <em>κατὰ θεόν</em><Rf>」
60	5	10	(Christ)「<RF q=e>e 10 BYZ and TR <em>ἐν χριστῷ Ἰησοῦ</em><Rf>」
60	5	12	(Silvanus)「<RF q=f>f 12 That is Silas<Rf>」
61	2	4	(of gloomy darkness)「<RF q=a>a 4 Or <em>in gloomy dungeons</em><Rf>」
61	2	6	(He condemned <em>them</em>)「<RF q=b>b 6 WH <em>Σοδόμων καὶ Γομόρρας τεφρώσας κατέκρινεν</em><Rf>」
61	2	6	(the ungodly)「<RF q=c>c 6 NE NA BYZ and TR <em>ἀσεβεῖν</em><Rf>」
61	2	20	(Christ)「<RF q=d>d 20 Some manuscripts <em>τοῦ κυρίου ἡμῶν καὶ σωτῆρος</em><Rf>」
61	2	22	(vomit)「<RF q=e>e 22 Proverbs 26:11 <Rf>」
61	3	6	(which)「<RF q=a>a 6 NA <em>ὃν</em><Rf>」
61	3	16	(letters)「<RF q=c>c 16 Or <em>in all the letters</em><Rf>」
61	3	16	(distort)「<RF q=d>d 16 NA <em>στρεβλώσουσιν</em><Rf>」
62	1	4	(of us)「<RF q=a>a 4 BYZ and TR <em>ὑμῖν</em><Rf>」
62	1	7	(however)「<RF q=b>b 7 NA does Not include <em>δὲ</em> <Rf>」
62	3	2	(He appears)「<RF q=a>a 2 Or <em>when it appears</em><Rf>」
62	3	7	(Little children)「<RF q=b>b 7 NA <em>Παιδία</em> <Rf>」
62	4	3	(Jesus)「<RF q=a>a 3 BYZ and TR <em>Ἰησοῦν χριστὸν ἐν σαρκὶ ἐληλυθότα</em><Rf>」
62	4	6	(Spirit)「<RF q=b>b 6 Or <em>spirit</em> <Rf>」
62	5	13	(eternal)「<RF q=b>b 13 BYZ and TR include <em>καὶ ἵνα πιστεύητε εἰς τὸ ὄνομα τοῦ υἱοῦ τοῦ θεοῦ</em><Rf>」
62	5	18	(him)「<RF q=c>c 18 NA BYZ and TR <em>ἑαυτὸν</em><Rf>」
63	1	8	(we have worked for)「<RF q=a>a 8 NE and WH <em>ἠργασάμεθα</em><Rf>」
65	1	5	(Jesus)「<RF q=a>a 5 NE WH BYZ and TR <em>Κύριος</em><Rf>」
65	1	12	(hidden reefs)「<RF q=c>c 12 Or <em>blemishes</em><Rf>」
66	1	4	(Spirits)「<RF q=a>a 4 Or <em>sevenfold Spirit</em> also in chapters 3 4 and 5<Rf>」
66	1	8	(Omega)「<RF q=b>b 8 TR includes <em>ἀρχὴ καὶ τέλος</em><Rf>」
66	1	11	(saying)「<RF q=c>c 11 TR includes <em>Ἐγώ ἐιμι τὸ Α καὶ τὸ Ω ὁ πρῶτος καὶ ὁ ἔσχατος· καὶ</em><Rf>」
66	1	13	(of Man)「<RF q=d>d 13 See Daniel 7:13 <Rf>」
66	2	27	(are broken in pieces)「<RF q=a>a 26-27 Psalm 2:89 <Rf>」
66	5	10	(they will reign)「<RF q=a>a 10 WH <em>βασιλεύουσιν</em><Rf>」
66	6	6	(for a denarius)「<RF q=a>a 6 A choenix was a Greek dry measure equivalent to 192 pints A denarius was customarily a day's wage for a laborer (see Matthew 20:2)<Rf>」
66	6	17	(of Them)「<RF q=c>c 17 BYZ and TR <em>αὐτοῦ</em> <Rf>」
66	11	17	(was)「<RF q=b>b 17 TR includes <em>καὶ ὁ ἐρχόμενος</em> <Rf>」
66	12	5	(of iron)「<RF q=a>a 5 Psalm 2:9<Rf>」
66	13	10	(is to be killed)「<RF q=a>a 10 NE WH and BYZ <em>ἀποκτενεῖ</em><Rf>」
66	13	10	(to be killed)「<RF q=b>b 10 Jeremiah 15:2<Rf>」
66	14	8	(great)「<RF q=b>b 8 Isaiah 21:9 Daniel 4:30<Rf>」
66	14	14	(of Man)「<RF q=c>c 14 See Daniel 7:13<Rf>」
66	16	21	(a talent weight)「<RF q=a>a 21 Greek <em>a talent in weight</em> or about 45 kilograms <Rf>」
66	18	3	(have drunk)「<RF q=c>c 3 SBL and WH <em>πέπτωκαν</em><Rf>」
66	18	4	(her)「<RF q=d>d 4 Jeremiah 51:45 <Rf>」
66	19	13	(in blood)「<RF q=a>a 13 WH <em>ῤεραντισμένον</em><Rf>」
66	19	15	(of iron)「<RF q=b>b 15 Psalm 2:9 <Rf>」
66	20	9	(heaven)「<RF q=a>a 9 BYZ and TR include <em>τοῦ θεοῦ</em> <Rf>」
66	21	4	(of them)「<RF q=c>c 4 Isaiah 25:8<Rf>」
66	21	16	(thousand)「<RF q=d>d 16 About 1370 miles or 2200 kilometers<Rf>」
66	21	17	(cubits)「<RF q=e>e 17 That is about 200 feet or 65 meters The measure could indicate either height or thickness<Rf>」
66	21	24	(glory)「<RF q=f>f 24 BYZ and TR include <em>καὶ τιμὴν</em> <Rf>」
66	22	14	(of them)「<RF q=a>a 14 BYZ and TR <em>ποιοῦντες τὰς ἐντολὰς</em><Rf>」
