40	1	23	＊<RF q=a>a 23 Isaiah 7:14<CM> <Rf>
40	2	6	＊<RF q=a>a 6 Micah 5:2,4<Rf>
40	2	15	＊<RF q=b>b 15 Hosea 11:1<Rf>
40	2	18	＊<RF q=c>c 18 Jeremiah 31:15<CM> <Rf>
40	3	3	＊<RF q=a>a 3 Isaiah 40:3<Rf>
40	3	11	＊<RF q=b>b 11 Or <em>in water ... in the Holy Spirit</em><Rf>
40	3	16	＊<RF q=c>c 16 NA, BYZ, and TR include include <em>αὐτῷ</em><CM> <Rf>
40	4	4	＊<RF q=a>a 4 Deuteronomy 8:3<Rf>
40	4	6	＊<RF q=b>b 6 Psalm 91:11,12<Rf>
40	4	7	＊<RF q=c>c 7 Deuteronomy 6:16<Rf>
40	4	10	＊<RF q=d>d 10 Deuteronomy 6:13<Rf>
40	4	16	＊<RF q=e>e 15-16 Isaiah 9:1,2<Rf>
40	4	25	＊<RF q=f>f 25 That is, the Ten Cities<CM> <Rf>
40	5	21	＊<RF q=a>a 21 Exodus 20:13; Deuteronomy 5:17<Rf>
40	5	22	＊<RF q=b>b 22 BYZ and TR <em>τῷ ἀδελφῷ αὐτοῦ εἰκῇ</em><Rf>＊<RF q=c>c 22 An Aramaic expression of contempt<Rf>
40	5	26	＊<RF q=d>d 26 Greek <em>kodranten</em>, A roman copper coin worth about 1/64 of a denarius<Rf>
40	5	27	＊<RF q=e>e 27 Exodus 20:14; Deuteronomy 5:18<Rf>
40	5	31	＊<RF q=f>f 31 Deuteronomy 24:1<Rf>
40	5	37	＊<RF q=g>g 37 Or <em>from evil</em><Rf>
40	5	38	＊<RF q=h>h 38 Exodus 21:24; Leviticus 24:20; Deuteronomy 19:21<Rf>
40	5	43	＊<RF q=i>i 43 Leviticus 19:18<Rf>
40	5	44	＊<RF q=j>j 44 BYZ and TR <em>εὐλογεῖτε τοὺς καταρωμένους ὑμᾶς, καλῶς ποιεῖτε τοῖς μισοῦσιν ὑμᾶς, καὶ προσεύχεσθε ὑπὲρ τῶν ἐπηρεαζόντων ὑμᾶς, καὶ διωκόντων ὑμᾶς·</em><CM> <Rf>
40	6	13	＊<RF q=a>a 13 BYZ and TR include <em>Ὅτι σοῦ ἐστιν ἡ βασιλεία καὶ ἡ δύναμις καὶ ἡ δόξα εἰς τοὺς αἰῶνας. Ἀμήν.</em><Rf>
40	6	19	＊<RF q=b>b 19 Or <em>worm</em>; also in verse 20<Rf>
40	6	27	＊<RF q=c>c 27 Or <em>a single cubit to his height</em>; a cubit was about 18 inches or 45 centimeters<CM> <Rf>
40	8	2	＊<RF q=a>a 2 Leprosy was a term for several skin diseases. See Leviticus 13.<Rf>
40	8	17	＊<RF q=b>b 17 Isaiah 53:4<Rf>
40	8	28	＊<RF q=c>c 28 BYZ and TR <em>Γεργεσηνῶν</em><CM> <Rf>
40	9	13	＊<RF q=a>a 13 Hosea 6:6<CM> <Rf>
40	10	8	＊<RF q=a>a 8 Leprosy was a term for several skin diseases. See Leviticus 13.<Rf>
40	10	29	＊<RF q=b>b 29 Greek <em>assarion</em>, a Roman copper coin worth about 1/16 of a denarius<Rf>
40	10	36	＊<RF q=c>c 35-36 Micah 7:6<CM> <Rf>
40	11	5	＊<RF q=a>a 5 Leprosy was a term for several skin diseases. See Leviticus 13.<Rf>
40	11	10	＊<RF q=b>b 10 Malachi 3:1<Rf>
40	11	12	＊<RF q=c>c 12 Or <em>has been forcefully advancing</em><Rf>
40	11	15	＊<RF q=d>d 15 BYZ and TR <em>ὦτα ἀκούειν</em><CM> <Rf>
40	12	7	＊<RF q=a>a 7 Hosea 6:6<Rf>
40	12	21	＊<RF q=b>b 18-21 Isaiah 42:1-4<Rf>
40	12	46	＊<RF q=c>c 46 WH and some manuscripts do not include verse 47<CM> <Rf>
40	13	9	＊<RF q=a>a 9 BYZ and TR <em>ὦτα ἀκούειν</em><Rf>
40	13	15	＊<RF q=b>b 14-15 Isaiah 6:9,10<Rf>
40	13	35	＊<RF q=c>c 35 Psalm 78:2<Rf>
40	13	43	＊<RF q=d>d 43 BYZ and TR <em>ὦτα ἀκούειν</em><CM> <Rf>
40	14	24	＊<RF q=a>a 24 Greek <em>many stadia</em>, a stadion was about 607 feet or 185 meters<CM> <Rf>
40	15	4	＊<RF q=a>a 4 Exodus 20:12; Deuteronomy 5:16<Rf>＊<RF q=b>b 4 Exodus 21:17; Leviticus 20:9<Rf>
40	15	9	＊<RF q=c>c 8-9 Isaiah 29:13<Rf>
40	15	14	＊<RF q=d>d 14 Or <em>blind guides</em><CM> <Rf>
40	16	3	＊<RF q=a>a 2-3 Several manuscripts do not include <em>Ὀψίας γενομένης λέγετε . . . καιρῶν οὐ δύνασθε</em> from verses 2 and 3.<Rf>
40	16	21	＊<RF q=b>b 21 NE and WH <em>Ἰησοῦς Χριστὸς</em><CM> <Rf>
40	17	20	＊<RF q=a>a 20 See Mark 9:29. BYZ and TR include <em>21 Tοῦτο δὲ τὸ γένος οὐκ ἐκπορεύεται εἰ μὴ ἐν προσευχῇ καὶ νηστείᾳ.</em><Rf>
40	17	27	＊<RF q=b>b 27 Greek stater, a silver coin worth approximately one shekel<CM> <Rf>
40	18	10	＊<RF q=a>a 10 See Luke 19:10. BYZ and TR include<em>11 Ἦλθεν γὰρ ὁ υἱὸς τοῦ ἀνθρώπου σῶσαι τὸ ἀπολωλός.</em><Rf>
40	18	15	＊<RF q=b>b 15 NE and WH do not include <em>εἰς σὲ</em><Rf>
40	18	16	＊<RF q=c>c 16 Deuteronomy 19:15<Rf>
40	18	22	＊<RF q=d>d 22 Or <em>seventy times seven</em><Rf>
40	18	24	＊<RF q=e>e 24 A talent was worth about twenty years' wages for a laborer<Rf>
40	18	28	＊<RF q=f>f 28 A denarius was customarily a day's wage for a laborer (see Matthew 20:2)<CM> <Rf>
40	19	4	＊<RF q=a>a 4 Genesis 1:27<Rf>
40	19	5	＊<RF q=b>b 5 Genesis 2:24<Rf>
40	19	9	＊<RF q=c>c 9 SBL and BYZ include <em>καὶ ὁ ἀπολελυμένην γαμήσας μοιχᾶται.</em><Rf>
40	19	19	＊<RF q=d>d 18-19 Exodus 20:12-16; Deuteronomy 5:16-20; Leviticus 19:18<Rf>
40	19	29	＊<RF q=e>e 29 NE, WH, and NA do not include <em>ἢ γυναῖκα</em><CM> <Rf>
40	20	2	＊<RF q=a>a 2 A denarius was customarily a day's wage for a laborer<Rf>
40	20	7	＊<RF q=b>b 7 BYZ and TR include <em>καὶ ὃ ἐὰν ᾖ δίκαιον λήψεσθε.</em><Rf>
40	20	16	＊<RF q=c>c 16 BYZ and TR include <em>πολλοὶ γάρ εἰσιν κλητοί, ὀλίγοι δὲ ἐκλεκτοί.</em><Rf>
40	20	22	＊<RF q=d>d 22 BYZ includes <em>ἢ τὸ βάπτισμα ὃ ἐγὼ βαπτίζομαι βαπτισθῆναι</em>, TR <em>καὶ τὸ βάπτισμα ὅ ἐγὼ βαπτίζομαι βαπτισθῆναι</em><Rf>
40	20	23	＊<RF q=e>e 23 BYZ and TR include <em>καὶ τὸ βάπτισμα ὃ ἐγὼ βαπτίζομαι βαπτισθήσεσθε</em><CM> <Rf>
40	21	5	＊<RF q=a>a 5 Zechariah 9:9<Rf>
40	21	9	＊<RF q=b>b 9 Psalm 118:25<Rf>＊<RF q=c>c 9 Psalm 118:26<Rf>＊<RF q=d>d 9 Psalm 148:1<Rf>
40	21	12	＊<RF q=e>e 12 BYZ <em>τοῦ θεοῦ</em><Rf>
40	21	13	＊<RF q=f>f 13 Isaiah 56:7<Rf>＊<RF q=g>g 13 Jeremiah 7:11<Rf>
40	21	16	＊<RF q=h>h 16 Psalm 8:2<Rf>
40	21	29	＊<RF q=i>i 29 NE and WH do not include <em>ὕστερον δὲ μεταμεληθεὶς</em><Rf>
40	21	42	＊<RF q=j>j 42 Psalm 118:22,23<Rf>
40	21	43	＊<RF q=k>k 43 Tischendorf and some manuscripts do not include verse 44.<CM> <Rf>
40	22	19	＊<RF q=a>a 19 A denarius was customarily a day's wage for a laborer (see Matthew 20:2)<Rf>
40	22	30	＊<RF q=b>b 30 SBL and TR<em>ἄγγελοι θεοῦ</em>; BYZ <em>ἄγγελοι τοῦ θεοῦ</em><Rf>
40	22	32	＊<RF q=c>c 32 Exodus 3:6<Rf>
40	22	37	＊<RF q=d>d 37 Deuteronomy 6:5<Rf>
40	22	39	＊<RF q=e>e 39 Leviticus 19:18<Rf>
40	22	44	＊<RF q=f>f 44 Psalm 110:1<CM> <Rf>
40	23	4	＊<RF q=a>a 4 SBL, NE, and WH do not include <em>καὶ δυσβάστακτα</em><Rf>
40	23	13	＊<RF q=b>b 13 See Mark 12:40 and Luke 20:47. BYZ <em>14 Οὐαὶ ὑμῖν, γραμματεῖς καὶ Φαρισαῖοι, ὑποκριταί, ὅτι κλείετε τὴν βασιλείαν τῶν οὐρανῶν ἔμπροσθεν τῶν ἀνθρώπων· ὑμεῖς γὰρ οὐκ εἰσέρχεσθε, οὐδὲ τοὺς εἰσερχομένους ἀφίετε εἰσελθεῖν.</em> TR is similar.<Rf>
40	23	39	＊<RF q=c>c 39 Psalm 118:26<CM> <Rf>
40	24	15	＊<RF q=a>a 15 Daniel 9:27; 11:31; 12:11<Rf>
40	24	29	＊<RF q=b>b 29 Isaiah 13:10; 34:4; Joel 2:10<Rf>
40	24	30	＊<RF q=c>c 30 See Daniel 7:13-14<Rf>
40	24	33	＊<RF q=d>d 33 Or <em>it is</em><Rf>
40	24	36	＊<RF q=e>e 36 BYZ and TR do not include <em>οὐδὲ ὁ υἱός</em><CM> <Rf>
40	25	13	＊<RF q=a>a 13 BYZ and TR include <em>ἐν ᾗ ὁ υἱὸς τοῦ ἀνθρώπου ἔρχεται</em><Rf>
40	25	15	＊<RF q=b>b 15 A talent was worth about twenty years' wages for a laborer<CM> <Rf>
40	26	6	＊<RF q=a>a 6 Leprosy was a term for several skin diseases. See Leviticus 13.<Rf>
40	26	11	＊<RF q=b>b 11 See Deuteronomy 15:11.<Rf>
40	26	20	＊<RF q=c>c 20 BYZ and TR <em>τῶν δώδεκα</em><Rf>
40	26	28	＊<RF q=d>d 28 BYZ and TR <em>τὸ τῆς καινῆς διαθήκης</em><Rf>
40	26	31	＊<RF q=e>e 31 Zechariah 13:7<Rf>
40	26	50	＊<RF q=f>f 50 Or <em>Friend, why have you come?</em><Rf>
40	26	64	＊<RF q=g>g 64 See Psalm 110:1; Daniel 7:13.<CM> <Rf>
40	27	10	＊<RF q=a>a 9-10 See Zechariah 11:12,13; Jeremiah 19:1-13; 32:6-9.<Rf>
40	27	16	＊<RF q=b>b 16 SBL and NA, <em>Ἰησοῦν Βαραββᾶν</em>; also in verse 17.<Rf>
40	27	24	＊<RF q=c>c 24 BYZ and TR <em>τοῦ αἵματος τοῦ δικαίου τούτου</em><Rf>
40	27	35	＊<RF q=d>d 35 TR includes <em>ἵνα πληρωθῇ τὸ ῥηθὲν ὑπὸ τοῦ προφήτου, Διεμερίσαντο τὰ ἱμάτιά μου ἑαυτοῖς, καὶ ἐπὶ τὸν ἱματισμόν μου ἔβαλον κλῆρον.</em><Rf>
40	27	46	＊<RF q=e>e 46 NE and WH <em>Ἡλεὶ Ἡλεὶ</em><Rf>＊<RF q=f>f 46 Psalm 22:1<CM> <Rf>
40	28	6	＊<RF q=a>a 6 BYZ and TR <em>ὅπου ἔκειτο ὁ κύριος</em><Rf>
40	28	9	＊<RF q=b>b 9 BYZ and TR include <em>Ὡς δὲ ἐπορεύοντο ἀπαγγεῖλαι τοῖς μαθηταῖς αὐτοῦ</em><PF0><PI0><Rf>
41	1	1	＊<RF q=a>a 1 SBL and WH do not include <em>υἱοῦ θεοῦ</em><Rf>
41	1	2	＊<RF q=b>b 2 Malachi 3:1<Rf>
41	1	3	＊<RF q=c>c 3 Isaiah 40:3<Rf>
41	1	8	＊<RF q=d>d 8 Or <em>in water</em><Rf>
41	1	40	＊<RF q=e>e 40 Leprosy was a term for several skin diseases. See Leviticus 13.<Rf>
41	1	41	＊<RF q=f>f 41 SBL <em>ὀργισθεὶς</em><CM> <Rf>
41	2	16	＊<RF q=a>a 16 BYZ and TR include <em>καὶ πίνει</em><Rf>
41	2	22	＊<RF q=b>b 22 Tischendorf and some other texts do not include <em>ἀλλὰ οἶνον νέον εἰς ἀσκοὺς καινούς</em><CM> <Rf>
41	3	32	＊<RF q=a>a 32 NE and NA include <em>καὶ αἱ ἀδελφαί σου</em><CM> <Rf>
41	4	12	＊<RF q=a>a 12 Isaiah 6:9,10<CM> <Rf>
41	5	1	＊<RF q=a>a 1 BYZ and TR <em>Γαδαρηνῶν</em><Rf>
41	5	20	＊<RF q=b>b 20 That is, the Ten Cities<CM> <Rf>
41	6	11	＊<RF q=a>a 11 BYZ and TR include <em>Ἀμὴν λέγω ὑμῖν, ἀνεκτότερον ἔσται Σοδόμοις ἢ Γομόρροις ἐν ἡμέρᾳ κρίσεως, ἢ τῇ πόλει ἐκείνῃ.</em><Rf>
41	6	37	＊<RF q=b>b 37 A denarius was customarily a day's wage for a laborer (see Matthew 20:2)<CM> <Rf>
41	7	4	＊<RF q=a>a 4 NE and WH do not include <em>καὶ κλινῶν</em><Rf>
41	7	7	＊<RF q=b>b 7 Isaiah 29:13<Rf>
41	7	8	＊<RF q=c>c 8 BYZ and TR include <em>βαπτισμοὺς ξεστῶν καὶ ποτηρίων· καὶ ἄλλα παρόμοια τοιαῦτα πολλὰ ποιεῖτε</em><Rf>
41	7	9	＊<RF q=d>d 9 NA <em>στήσητε</em><Rf>
41	7	10	＊<RF q=e>e 10 Exodus 20:12; Deuteronomy 5:16<Rf>＊<RF q=f>f 10 Exodus 21:17; Leviticus 20:9<Rf>
41	7	15	＊<RF q=g>g 15 BYZ and TR include <em>16 Εἴ τις ἔχει ὦτα ἀκούειν ἀκουέτω.</em><Rf>
41	7	21	＊<RF q=h>h 21 Many Sources move <em>μοιχεῖαι</em> to verse 22<Rf>
41	7	24	＊<RF q=i>i 24 WH, BYZ and TR include <em>καὶ Σιδῶνος</em><Rf>
41	7	31	＊<RF q=j>j 31 That is, the Ten Cities<CM> <Rf>
41	8	26	＊<RF q=a>a 26 BYZ and TR <em>Μηδὲ εἰς τὴν κώμην εἰσέλθῃς, μηδὲ εἴπῃς τινὶ ἐν τῇ κώμῃ.</em><CM> <Rf>
41	9	24	＊<RF q=a>a 24 BYZ and TR include <em>μετὰ δακρύων</em><Rf>
41	9	29	＊<RF q=b>b 29 BYZ and TR <em>προσευχῇ καὶ νηστείᾳ</em><Rf>
41	9	43	＊<RF q=c>c 43 See Isaiah 66:24, Mark 9:48. BYZ and TR <em>44 ὅπου ὁ σκώληξ αὐτῶν οὐ τελευτᾷ, καὶ τὸ πῦρ οὐ σβέννυται.</em><Rf>
41	9	45	＊<RF q=d>d 45 See Isaiah 66:24, Mark 9:48. BYZ and TR <em>46 ὅπου ὁ σκώληξ αὐτῶν οὐ τελευτᾷ, καὶ τὸ πῦρ οὐ σβέννυται.</em><Rf>
41	9	48	＊<RF q=e>e 48 Isaiah 66:24<Rf>
41	9	49	＊<RF q=f>f 49 BYZ and TR include <em>καὶ πᾶσα θυσία ἁλὶ ἁλισθήσεται.</em><CM> <Rf>
41	10	6	＊<RF q=a>a 6 Genesis 1:27<Rf>
41	10	7	＊<RF q=b>b 7-8 NE and WH do not include <em>καὶ προσκολληθήσεται πρὸς τὴν γυναῖκα αὐτοῦ</em><Rf>
41	10	8	＊<RF q=c>c 8 Genesis 2:24<Rf>
41	10	19	＊<RF q=d>d 19 Exodus 20:12-16; Deuteronomy 5:16-20<Rf>
41	10	24	＊<RF q=e>e 24 BYZ includes <em>τοὺς πεποιθότας ἐπὶ χρήμασιν</em>. TR is similar.<CM> <Rf>
41	11	9	＊<RF q=a>a 9 Psalm 118:25<Rf>＊<RF q=b>b 9 Psalm 118:26<Rf>
41	11	10	＊<RF q=c>c 10 Psalm 148:1<Rf>
41	11	17	＊<RF q=d>d 17 Isaiah 56:7<Rf>＊<RF q=e>e 17 Jeremiah 7:11<Rf>
41	11	25	＊<RF q=f>f 25 See Matthew 6:15. BYZ and TR <em>26 Εἰ δὲ ὑμεῖς οὖκ ἀφίετε, οὐδὲ ὁ πατὴρ ὑμῶν ὁ ἐν τοῖς οὐρανοῖς ἀφήσει τὰ παραπτώματα ὑμῶν.</em><CM> <Rf>
41	12	11	＊<RF q=a>a 10-11 Psalm 118:22,23<Rf>
41	12	15	＊<RF q=b>b 15 A denarius was customarily a day's wage for a laborer (see Matthew 20:2)<Rf>
41	12	23	＊<RF q=c>c 23 WH does not include <em>ὅταν ἀναστῶσιν</em><Rf>
41	12	26	＊<RF q=d>d 26 Exodus 3:6<Rf>
41	12	30	＊<RF q=e>e 29-30 Deuteronomy 6:4,5<Rf>
41	12	31	＊<RF q=f>f 31 Leviticus 19:18<Rf>
41	12	36	＊<RF q=g>g 36 Psalm 110:1<Rf>
41	12	42	＊<RF q=h>h 42 Greek <em>two lepta</em>; a lepton was a Jewish copper coin worth about 1/128 of a denarius<CM> <Rf>
41	13	14	＊<RF q=a>a 14 Daniel 9:27; 11:31; 12:11. BYZ and TR include <em>τὸ ῥηθὲν ὑπὸ Δανιὴλ τοῦ προφήτου</em><Rf>＊<RF q=b>b 14 Or <em>he should</em><Rf>
41	13	25	＊<RF q=c>c 24-25 Isaiah 13:10; 34:4<Rf>
41	13	29	＊<RF q=d>d 29 Or <em>it is near</em><Rf>
41	13	33	＊<RF q=e>e 33 BYZ and TR include <em>καὶ προσεύχεσθε</em><CM> <Rf>
41	14	3	＊<RF q=a>a 3 Leprosy was a term for several skin diseases. See Leviticus 13.<Rf>
41	14	5	＊<RF q=b>b 5 A denarius was customarily a day's wage for a laborer (see Matthew 20:2)<Rf>
41	14	7	＊<RF q=c>c 7 See Deuteronomy 15:11<Rf>
41	14	24	＊<RF q=d>d 24 BYZ and TR <em>καινῆς διαθήκης</em><Rf>
41	14	27	＊<RF q=e>e 27 BYZ and TR include <em>ἐν ἐμοὶ ἐν τῇ νυκτὶ ταύτῃ</em><Rf>＊<RF q=f>f 27 Zechariah 13:7<Rf>
41	14	68	＊<RF q=g>g 68 NE and WH do not include <em>καὶ ἀλέκτωρ ἐφώνησεν</em><Rf>
41	14	70	＊<RF q=h>h 70 BYZ and TR include <em>and your speech is similar</em><CM> <Rf>
41	15	27	＊<RF q=a>a 27 BYZ and TR include <em>28 Καὶ ἐπληρώθη ἡ γραφὴ ἡ λέγουσα, Καὶ μετὰ ἀνόμων ἐλογίσθη.</em><Rf>
41	15	34	＊<RF q=b>b 34 Psalm 22:1<Rf>
41	15	39	＊<RF q=c>c 39 BYZ and TR <em>κράξας ἐξέπνευσεν</em><Rf>
41	15	47	＊<RF q=d>d 47 BYZ and TR <em>Ἰωσῆ</em><CM> <Rf>
41	16	8	＊<RF q=a>a 8 Some manuscripts end the Gospel of Mark after verse 8 or 9.<PF0><PI0><Rf>
42	1	28	＊<RF q=a>a 28 BYZ and TR include <em>εὐλογημένη σὺ ἐν γυναιξίν</em><Rf>
42	1	35	＊<RF q=b>b 35 TR <em>γεννώμενον ἐκ σοῦ</em><Rf>
42	1	80	＊<RF q=c>c 80 Or <em>in the Spirit</em><CM> <Rf>
42	2	2	＊<RF q=a>a 2 Or <em>This was the census before</em><Rf>
42	2	23	＊<RF q=b>b 23 Exodus 13:2,12<Rf>
42	2	24	＊<RF q=c>c 24 Leviticus 12:8<Rf>
42	2	37	＊<RF q=d>d 37 Or <em>was a widow for eighty-four years</em><Rf>
42	2	49	＊<RF q=e>e 49 Or <em>be about my Father's business</em><CM> <Rf>
42	3	6	＊<RF q=a>a 4-6 Isaiah 40:3-5<Rf>
42	3	16	＊<RF q=b>b 16 Or <em>in water</em><Rf>＊<RF q=c>c 16 Or <em>in the Holy Spirit and in fire</em><Rf>
42	3	32	＊<RF q=d>d 32 BYZ and TR <em>Σαλμών</em><Rf>
42	3	33	＊<RF q=e>e 33 BYZ and TR <em>Ἀράμ</em><Rf>＊<RF q=f>f 33 WH, BYZ, and TR do not include <em>τοῦ Ἀρνὶ</em><CM> <Rf>
42	4	4	＊<RF q=a>a 4 Deuteronomy 8:3. BYZ and TR include <em>ἀλλ’ ἐπὶ παντὶ ῥήματι θεοῦ</em><Rf>
42	4	8	＊<RF q=b>b 8 Deuteronomy 6:13<Rf>
42	4	11	＊<RF q=c>c 10-11 Psalm 91:11,12<Rf>
42	4	12	＊<RF q=d>d 12 Deuteronomy 6:16<Rf>
42	4	18	＊<RF q=e>e 18 BYZ and TR include <em>ἰάσασθαι τοὺς συντετριμμένους τὴν καρδίαν,</em><Rf>
42	4	19	＊<RF q=f>f 18-19 Isaiah 61:1,2<Rf>
42	4	27	＊<RF q=g>g 27 Leprosy was a term for several skin diseases. See Leviticus 13.<Rf>
42	4	44	＊<RF q=h>h 44 BYZ and TR <em>Γαλιλαίας</em><CM> <Rf>
42	5	1	＊<RF q=a>a 1 That is, the Sea of Galilee<Rf>
42	5	12	＊<RF q=b>b 12 Leprosy was a term for several skin diseases. See Leviticus 13.<CM> <Rf>
42	6	1	＊<RF q=a>a 1 BYZ and TR, <em>σαββάτῳ δευτεροπρώτῳ</em><Rf>
42	6	48	＊<RF q=b>b 48 BYZ and TR <em>τεθεμελίωτο γὰρ ἐπὶ τὴν πέτραν</em><CM> <Rf>
42	7	22	＊<RF q=a>a 22 Leprosy was a term for several skin diseases. See Leviticus 13.<Rf>
42	7	27	＊<RF q=b>b 27 Malachi 3:1<Rf>
42	7	41	＊<RF q=c>c 41 A denarius was customarily a day's wage for a laborer (see Matthew 20:2)<CM> <Rf>
42	8	3	＊<RF q=a>a 3 TR <em>αὐτῷ</em><Rf>
42	8	10	＊<RF q=b>b 10 Isaiah 6:9<Rf>
42	8	26	＊<RF q=c>c 26 BYZ and TR <em>Γαδαρηνῶν</em>; also verse 37<Rf>
42	8	43	＊<RF q=d>d 43 NE and WH do not include <em>ἰατροῖς προσαναλώσασα ὅλον τὸν βίον</em><Rf>
42	8	45	＊<RF q=e>e 45 BYZ and TR include <em>καὶ οἱ μετ’ αὐτοῦ</em><CM> <Rf>
42	9	35	＊<RF q=a>a 35 BYZ and TR <em>Οὗτός ἐστιν ὁ υἱός μου ὁ ἀγαπητός</em><Rf>
42	9	54	＊<RF q=b>b 54 BYZ and TR include <em>ὡς καὶ Ἠλίας ἐποίησεν</em><Rf>
42	9	55	＊<RF q=c>c 55 BYZ and TR include <em>καὶ εἴπεν, Οὐκ οἴδατε οἵου πνεύματός ἐστε ὑμεῖς 56 ὁ γὰρ υἱὸς τοῦ ἀνθρώπου οὐκ ἦλθεν ψυχὰς ἀνθρώπων ἀπολέσαι, ἀλλὰ σῶσαι.</em><CM> <Rf>
42	10	1	＊<RF q=a>a 1 NE, BYZ, and TR <em>ἑβδομήκοντα</em>; also in verse 17<Rf>
42	10	7	＊<RF q=b>b 7 Leviticus 19:13; Deuteronomy 24:14,15<Rf>
42	10	27	＊<RF q=c>c 27 Deuteronomy 6:5<Rf>＊<RF q=d>d 27 Leviticus 19:18<Rf>
42	10	35	＊<RF q=e>e 35 A denarius was customarily a day's wage for a laborer (see Matthew 20:2)<CM> <Rf>
42	11	2	＊<RF q=a>a 2 BYZ and TR <em>Πάτερ ἡμῶν ὁ ἐν τοῖς οὐρανοῖς</em><Rf>＊<RF q=b>b 2 BYZ and TR include <em>Γενηθήτω τὸ θέλημά σου, ὡς ἐν οὐρανῷ, καὶ ἐπὶ τῆς γῆς.</em><Rf>
42	11	4	＊<RF q=c>c 4 BYZ and TR include <em>ἀλλὰ ῥῦσαι ἡμᾶς ἀπὸ τοῦ πονηροῦ</em><Rf>
42	11	11	＊<RF q=d>d 11 BYZ and TR include <em>ἄρτον, μὴ λίθον ἐπιδώσει αὐτῷ</em><CM> <Rf>
42	12	6	＊<RF q=a>a 6 Greek <em>two assaria</em>; an assarion was a Roman copper coin worth about 1/16 of a denarius<Rf>
42	12	25	＊<RF q=b>b 25 Or <em>a single cubit to his height</em>; a cubit was about 18 inches or 45 centimeters<Rf>
42	12	27	＊<RF q=c>c 27 NE and Tischendorf <em>οὔτε νήθει οὔτε ὑφαίνει</em><Rf>
42	12	31	＊<RF q=d>d 31 BYZ and TR <em>τοῦ θεοῦ</em><Rf>
42	12	39	＊<RF q=e>e 39 BYZ and TR include <em>ἐγρηγόρησεν ἄν, καὶ</em><Rf>
42	12	59	＊<RF q=f>f 59 Greek <em>lepton</em>, a Jewish bronze or copper coin worth about 1/128 of a denarius<CM> <Rf>
42	13	35	＊<RF q=a>a 35 Psalm 118:26<CM> <Rf>
42	14	5	＊<RF q=a>a 5 TR <em>ὄνος </em> <CM> <Rf>
42	15	8	＊<RF q=a>a 8 Greek <em>ten drachmas</em>, each worth about a day's wages<CM> <Rf>
42	16	6	＊<RF q=a>a 6 Greek, <em>A hundred baths</em>, about 875 gallons or 3,200 liters<Rf>
42	16	7	＊<RF q=b>b 7 Greek, <em>A hundred cors</em>, approximately 1,100 bushels or 40,000 liters<CM> <Rf>
42	17	12	＊<RF q=a>a 12 Leprosy was a term for several skin diseases. See Leviticus 13.<Rf>
42	17	19	＊<RF q=b>b 19 Or <em>has saved you</em><Rf>
42	17	21	＊<RF q=c>c 21 Or <em>within you</em>, or <em>within your grasp</em><Rf>
42	17	35	＊<RF q=d>d 35 See Matthew 24:40. TR includes <em>36 δύο ἔσονται ἐν τῷ ἀγρῷ· ὁ εἴς παραληφθήσεται, καὶ ὁ ἕτερος ἀφεθήσεται.</em><CM> <Rf>
42	18	20	＊<RF q=a>a 20 Exodus 20:12-16; Deuteronomy 5:16-20<CM> <Rf>
42	19	13	＊<RF q=a>a 13 A mina was worth about three months' wages for a laborer<Rf>
42	19	38	＊<RF q=b>b 38 Psalm 118:26<Rf>
42	19	46	＊<RF q=c>c 46 Isaiah 56:7<Rf>＊<RF q=d>d 46 Jeremiah 7:11<CM> <Rf>
42	20	17	＊<RF q=a>a 17 Psalm 118:22<Rf>
42	20	24	＊<RF q=b>b 24 A denarius was customarily a day's wage for a laborer (see Matthew 20:2)<Rf>
42	20	30	＊<RF q=c>c 30 BYZ and TR include <em>καὶ ἔλαβεν ὁ δεύτερος τὴν γυναῖκα, καὶ οὗτος ἀπέθανεν ἄτεκνος</em><Rf>
42	20	37	＊<RF q=d>d 37 Exodus 3:6<Rf>
42	20	43	＊<RF q=e>e 42-43 Psalm 110:1<CM> <Rf>
42	21	2	＊<RF q=a>a 2 Greek <em>two lepta</em>; a lepton was a Jewish copper coin worth about 1/128 of a denarius<CM> <Rf>
42	22	20	＊<RF q=a>a 19-20 Some manuscripts end verse 19 after <em>Τοῦτό ἐστιν τὸ σῶμά μου</em> and do not include verse 20<Rf>
42	22	37	＊<RF q=b>b 37 Isaiah 53:12<Rf>
42	22	44	＊<RF q=c>c 43-44 Some manuscripts do not include verses 43 and 44<Rf>
42	22	64	＊<RF q=d>d 64 BYZ and TR include <em>ἔτυπτον αὐτοῦ τὸ πρόσωπον, καὶ</em><CM> <Rf>
42	23	16	＊<RF q=a>a 16 See Matthew 27:15 and Mark 15:6. BYZ and TR include <em>17 Ἀνάγκην δὲ εἴχεν ἀπολύειν αὐτοῖς κατὰ ἑορτὴν ἕνα.</em><Rf>
42	23	23	＊<RF q=b>b 23 BYZ and TR include <em>καὶ τῶν ἀρχιερέων</em><Rf>
42	23	30	＊<RF q=c>c 30 Hosea 10:8<Rf>
42	23	34	＊<RF q=d>d 34 Some manuscripts do not include <em>ὁ δὲ Ἰησοῦς ἔλεγεν Πάτερ, ἄφες αὐτοῖς· οὐ γὰρ οἴδασιν τί ποιοῦσιν.</em><Rf>
42	23	38	＊<RF q=e>e 38 BYZ and TR include <em>γράμμασιν Ἑλληνικοῖς καὶ Ῥωμαϊκοῖς καὶ Ἑβραϊκοῖς</em><Rf>
42	23	46	＊<RF q=f>f 46 Psalm 31:5<CM> <Rf>
42	24	13	＊<RF q=a>a 13 Greek <em>sixty stadia</em>, about 11 kilometers<Rf>
42	24	42	＊<RF q=b>b 42 BYZ and TR include <em>καὶ ἀπὸ μελισσίου κηρίου</em><PF0><PI0><Rf>
43	1	5	＊<RF q=a>a 5 Or <em>comprehended</em><Rf>
43	1	18	＊<RF q=b>b 18 BYZ and TR <em>πώποτε· ὁ μονογενὴς υἱός</em><Rf>
43	1	23	＊<RF q=c>c 23 Isaiah 40:3<Rf>
43	1	26	＊<RF q=d>d 26 Or <em>in</em>; also in verses 31 and 33<Rf>
43	1	34	＊<RF q=e>e 34 SBL <em>ἐκλεκτὸς</em><Rf>
43	1	51	＊<RF q=f>f 51 See Genesis 28:12<CM> <Rf>
43	2	6	＊<RF q=a>a 6 Greek <em>two or three metretae</em>, or <em>from 75 to 115 liters</em><Rf>
43	2	17	＊<RF q=b>b 17 Psalm 69:9<CM> <Rf>
43	3	3	＊<RF q=a>a 3 Or <em>born from above</em>; also in verse 7.<Rf>
43	3	13	＊<RF q=b>b 13 BYZ and TR include <em>ὁ ὢν ἐν τῷ οὐρανῷ</em><Rf>
43	3	21	＊<RF q=c>c 21 Some interpreters close the quotation after verse 15.<Rf>
43	3	36	＊<RF q=d>d 36 Some interpreters close the quotation after verse 30.<CM> <Rf>
43	5	3	＊<RF q=a>a 3 NE, BYZ, and TR include <em>ἐκδεχομένων τὴν τοῦ ὕδατος κίνησιν. 4 ἄγγελος γὰρ κατὰ καιρὸν κατέβαινεν ἐν τῇ κολυμβήθρᾳ καὶ ἐτάρασσε τὸ ὕδωρ· ὁ οὖν πρῶτος ἐμβὰς μετὰ τὴν ταραχὴν τοῦ ὕδατος ὑγιὴς ἐγίνετο, ᾧ δήποτε κατείχετο νοσήματι.</em><CM> <Rf>
43	6	7	＊<RF q=a>a 7 A denarius was customarily a day's wage for a laborer (see Matthew 20:2)<Rf>
43	6	19	＊<RF q=b>b 19 Greek <em>twenty-five or thirty stadia</em>, approximately 4.5 to 5.5 kilometers<Rf>
43	6	31	＊<RF q=c>c 31 Exodus 16:4<Rf>
43	6	45	＊<RF q=d>d 45 Isaiah 54:13<CM> <Rf>
43	7	8	＊<RF q=a>a 8 NE, WH, BYZ, and TR <em>οὔπω</em><Rf>
43	7	52	＊<RF q=b>b 52 Some early manuscripts do not include John 7:53 - 8:11<CM> <Rf>
43	8	9	＊<RF q=a>a 9 NE, BYZ, and TR include <em>καὶ ὑπὸ τῆς συνειδήσεως ἐλεγχόμενοι</em><Rf>
43	8	10	＊<RF q=b>b 10 NE, BYZ, and TR include <em>καὶ μηδένα θεασάμενος πλὴν τὴς γυναικὸς</em><Rf>＊<RF q=c>c 10 WH and NA do not include<em>ἐκεῖνοι οἱ κατήγοροί σου</em><Rf>
43	8	54	＊<RF q=d>d 54 WH and TR <em>ὑμῶν</em><Rf>
43	8	59	＊<RF q=e>e 59 BYZ and TR include <em>διελθὼν διὰ μέσου αὐτῶν· καὶ παρῆγεν οὕτως.</em><CM> <Rf>
43	9	35	＊<RF q=a>a 35 BYZ and TR <em>τὸν υἱὸν τοῦ Θεοῦ</em><Rf>
43	9	39	＊<RF q=b>b 38-39 Some manuscripts do not include <em>38 ὁ δὲ ἔφη Πιστεύω, Κύριε . . . 39 καὶ εἶπεν ὁ Ἰησοῦς</em><CM> <Rf>
43	10	22	＊<RF q=a>a 22 That is, Hanukkah, also called the Feast of Lights<Rf>
43	10	34	＊<RF q=b>b 34 Psalm 82:6<CM> <Rf>
43	11	18	＊<RF q=a>a 18 Greek <em>fifteen stadia</em>; about 1.7 miles or 2.75 kilometers.<Rf>
43	11	33	＊<RF q=b>b 33 Or <em>He was angry in His spirit</em>; also in verse 38<CM> <Rf>
43	12	3	＊<RF q=a>a 3 Greek <em>litra</em>, or about a half liter<Rf>
43	12	5	＊<RF q=b>b 5 A denarius was customarily a day's wage for a laborer (see Matthew 20:2)<Rf>
43	12	8	＊<RF q=c>c 8 See Deuteronomy 15:11<Rf>
43	12	13	＊<RF q=d>d 13 Psalm 118:25<Rf>＊<RF q=e>e 13 Psalm 118:26<Rf>＊<RF q=f>f 13 Zephaniah 3:15<Rf>
43	12	15	＊<RF q=g>g 15 Zechariah 9:9<Rf>
43	12	38	＊<RF q=h>h 38 Isaiah 53:1<Rf>
43	12	40	＊<RF q=i>i 40 Isaiah 6:10<CM> <Rf>
43	13	18	＊<RF q=a>a 18 Psalm 41:9<CM> <Rf>
43	14	1	＊<RF q=a>a 1 Or <em>Believe in God</em><Rf>
43	14	4	＊<RF q=b>b 4 BYZ and TR <em>Καὶ ὅπου ἐγὼ ὑπάγω οἴδατε, καὶ τὴν ὁδὸν οἴδατε.</em><Rf>
43	14	14	＊<RF q=c>c 14 TR does not include <em>με</em><Rf>
43	14	17	＊<RF q=d>d 17 WH <em>ἐστίν</em><CM> <Rf>
43	15	25	＊<RF q=a>a 25 Psalms 35:19; 69:4<CM> <Rf>
43	16	16	＊<RF q=a>a 16 BYZ includes <em>ὅτι ὑπάγω πρὸς τὸν πατέρα</em>; TR is similar<Rf>
43	16	27	＊<RF q=b>b 27 WH <em>τοῦ πατρὸς</em><CM> <Rf>
43	17	15	＊<RF q=a>a 15 Or <em>from evil</em><CM> <Rf>
43	19	24	＊<RF q=a>a 24 Psalm 22:18<Rf>
43	19	36	＊<RF q=b>b 36 Exodus 12:46; Numbers 9:12; Psalm 34:20<Rf>
43	19	37	＊<RF q=c>c 37 Zechariah 12:10<Rf>
43	19	39	＊<RF q=d>d 39 Greek <em>one hundred litras</em> (Roman pounds), approximately 34 kilograms<CM> <Rf>
43	21	8	＊<RF q=a>a 8 Greek <em>two hundred cubits</em>, or about 90 meters<PF0><PI0><Rf>
44	1	4	＊<RF q=a>a 4 Or <em>eating together</em><Rf>
44	1	5	＊<RF q=b>b 5 Or <em>in</em><Rf>
44	1	12	＊<RF q=c>c 12 That is, approximately 5/8 mile or about 1 kilometer<Rf>
44	1	20	＊<RF q=d>d 20 Psalm 69:25<Rf>＊<RF q=e>e 20 Psalm 109:8<CM> <Rf>
44	2	9	＊<RF q=a>a 9 That is, the Roman Province of Asia<Rf>
44	2	21	＊<RF q=b>b 17-21 Joel 2:28-32<Rf>
44	2	28	＊<RF q=c>c 25-28 Psalm 16:8-11<Rf>
44	2	35	＊<RF q=d>d 34-35 Psalm 110:1<Rf>
44	2	43	＊<RF q=e>e 43 Or <em>fear</em><CM> <Rf>
44	3	6	＊<RF q=a>a 6 SBL, NE, and WH <em>ἐν τῷ ὀνόματι Ἰησοῦ Χριστοῦ τοῦ Ναζωραίου περιπάτει</em><Rf>
44	3	13	＊<RF q=b>b 13 Or <em>child</em>; also in verse 26<Rf>
44	3	23	＊<RF q=c>c 23 Deuteronomy 18:15,18,19<Rf>
44	3	25	＊<RF q=d>d 25 Genesis 22:18<CM> <Rf>
44	4	11	＊<RF q=a>a 11 Psalm 118:22<Rf>
44	4	25	＊<RF q=b>b 25 Or <em>child</em>; also verses 27 and 30<Rf>
44	4	26	＊<RF q=c>c 25-26 Psalm 2:1,2<CM> <Rf>
44	7	3	＊<RF q=a>a 3 Genesis 12:1<Rf>
44	7	7	＊<RF q=b>b 5-7 Genesis 15:13,14<Rf>
44	7	20	＊<RF q=c>c 20 Or <em>he was of great status in God's eyes</em><Rf>
44	7	28	＊<RF q=d>d 28 Exodus 2:14<Rf>
44	7	32	＊<RF q=e>e 32 Exodus 3:6<Rf>
44	7	34	＊<RF q=f>f 31-34 Exodus 3:5-10<Rf>
44	7	37	＊<RF q=g>g 37 Deuteronomy 18:15<Rf>
44	7	40	＊<RF q=h>h 40 Exodus 32:1<Rf>
44	7	43	＊<RF q=i>i 42-43 Amos 5:25-27<Rf>
44	7	46	＊<RF q=j>j 46 NE, NA, and Tischendorf <em>τῷ οἴκῳ Ἰακώβ</em><Rf>
44	7	50	＊<RF q=k>k 49-50 Isaiah 66:1,2<CM> <Rf>
44	8	33	＊<RF q=a>a 32-33 Isaiah 53:7,8<Rf>
44	8	36	＊<RF q=b>b 36 TR includes <em>37 εἰπε δὲ ὁ Φίλιππος, Εἰ πιστεύεις ἐξ ὅλης τὴς καρδίας, ἔξεστιν. ἀποκριθεὶς δὲ εἷπε, Πιστεύω τὸν ὑιὸν τοῦ Θεοῦ ἐιναι τὸν Ἰησοῦν Χριστόν.</em><CM> <Rf>
44	9	5	＊<RF q=a>a 5 TR includes <em>σκληρόν σοι πρὸς κέντρα λακτίζειν</em><CM> <Rf>
44	10	6	＊<RF q=a>a 6 TR includes <em>οὗτος λαλήσει σοι τί σε δεῖ ποιεῖν</em><Rf>
44	10	19	＊<RF q=b>b 19 NE and WH <em>Ἰδοὺ ἄνδρες δύο ζητοῦντές σε</em>; SBL, BYZ and Tischendorf <em>Ἰδοὺ ἄνδρες ζητοῦντές σε</em><Rf>
44	10	21	＊<RF q=c>c 21 TR <em>ἄνδρας τοῦς ἀπεσταλμένους ἀπὸ τοῦ Κορνηλίου πρὸς αὑτόν</em><CM> <Rf>
44	11	16	＊<RF q=a>a 16 Or <em>in water</em><CM> <Rf>
44	12	25	＊<RF q=a>a 25 NE and TR <em>ἐξ</em><CM> <Rf>
44	13	33	＊<RF q=a>a 33 Psalm 2:7<Rf>
44	13	34	＊<RF q=b>b 34 Isaiah 55:3<Rf>
44	13	35	＊<RF q=c>c 35 Psalm 16:10<Rf>
44	13	41	＊<RF q=d>d 41 Habakkuk 1:5<Rf>
44	13	47	＊<RF q=e>e 47 Isaiah 49:6<CM> <Rf>
44	15	14	＊<RF q=a>a 14 Greek <em>Simeon</em>, a variant of Simon<Rf>
44	15	18	＊<RF q=b>b 16-18 Amos 9:11,12. BYZ and TR <em>έγει κύριος ὁ ποιῶν ταῦτα πάντα 18 Γνωστὰ ἀπ’ αἰῶνός ἐστιν τῷ θεῷ πάντα τὰ ἔργα αὐτοῦ.</em><Rf>
44	15	24	＊<RF q=c>c 24 BYZ and TR include <em>λέγοντες περιτέμνεσθαι καὶ τηρεῖν τὸν νόμον</em><Rf>
44	15	33	＊<RF q=d>d 33 TR includes <em>34 ἔδοξε δὲ τῷ Σίλᾳ ἐπιμεῖναι αὐτοῦ.</em><CM> <Rf>
44	16	16	＊<RF q=a>a 16 Greek <em>Python</em>, a spirit of divination named after the mythical serpent slain by Apollo<CM> <Rf>
44	17	28	＊<RF q=a>a 28 Probably a quote from the Cretan philosopher Epimenides<Rf>＊<RF q=b>b 28 Probably from the poem 'Phainomena' by the Cilician philosopher Aratus<CM> <Rf>
44	18	21	＊<RF q=a>a 21 BYZ and TR include <em>Δεῖ με πάντως τὴν ἑορτὴν τὴν ἐρχομένην ποιῆσαι εἰς Ἱεροσόλυμα· πάλιν δὲ</em><CM> <Rf>
44	19	1	＊<RF q=a>a 1 Or <em>highland</em><Rf>
44	19	19	＊<RF q=b>b 19 Or <em>fifty thousand drachmas.</em> A drachma was a silver coin worth about one day's wages.<CM> <Rf>
44	20	15	＊<RF q=a>a 15 BYZ and TR include <em>καὶ μείναντες ἐν Tρωγυλλίῳ</em><Rf>
44	20	21	＊<RF q=b>b 21 TR <em>τὸν Κύριον ἡμῶν Ἰησοῦν Χριστόν</em><Rf>
44	20	28	＊<RF q=c>c 28 BYZ and Tischendorf <em>τοῦ κυρίου</em><Rf>＊<RF q=d>d 28 Or <em>with the blood of his own Son.</em><CM> <Rf>
44	21	40	＊<RF q=a>a 40 Or <em>Aramaic</em><CM> <Rf>
44	22	2	＊<RF q=a>a 2 Or <em>Aramaic</em><CM> <Rf>
44	23	5	＊<RF q=a>a 5 Exodus 22:28<CM> <Rf>
44	24	6	＊<RF q=a>a 6 BYZ and TR include <em>καὶ κατὰ τὸν ἡμέτερον νόμον ἠθελήσαμεν κρῖναι. 7 Παρελθὼν δὲ Λυσίας ὁ χιλίαρχος μετὰ πολλῆς βίας ἐκ τῶν χειρῶν ἠμῶν ἀπήγαγεν, 8 κελεύσας τοὺς κατηγόρους αὐτοῦ ἔρχεσθαι ἐπὶ σέ</em><CM> <Rf>
44	26	14	＊<RF q=a>a 14 Or <em>Aramaic</em><CM> <Rf>
44	27	9	＊<RF q=a>a 9 That is, Yom Kippur, the Day of Atonement<Rf>
44	27	16	＊<RF q=b>b 16 NE, BYZ, and TR <em>Κλαῦδα</em><Rf>
44	27	17	＊<RF q=c>c 17 Or <em>the sails</em><Rf>
44	27	27	＊<RF q=d>d 27 The Adriatic Sea referred to an area also extending well south of Italy.<Rf>
44	27	28	＊<RF q=e>e 28 About 120 feet or 37 meters<Rf>＊<RF q=f>f 28 About 90 feet or 27 meters<Rf>
44	27	37	＊<RF q=g>g 37 WH <em>πλοίῳ ὡς ἑβδομήκοντα ἕξ</em><CM> <Rf>
44	28	4	＊<RF q=a>a 4 Greek <em>Dike</em>, that is, the Greek goddess of justice<Rf>
44	28	11	＊<RF q=b>b 11 Greek <em>Dioscuri</em>, that is, the Greek gods Castor and Pollux<Rf>
44	28	16	＊<RF q=c>c 16 BYZ and TR include <em>ὁ ἑκατόνταρχος παρέδωκεν τοὺς δεσμίους τῷ στρατοπεδάρχῃ· τῷ δὲ</em><Rf>
44	28	27	＊<RF q=d>d 26-27 Isaiah 6:9,10<Rf>
44	28	28	＊<RF q=e>e 28 BYZ and TR include <em>29 Καὶ ταῦτα αὐτοῦ εἰπόντος, ἀπῆλθον οἱ Ἰουδαῖοι, πολλὴν ἔχοντες ἐν ἑαυτοῖς συζήτησιν.</em><PF0><PI0><Rf>
45	1	17	＊<RF q=a>a 17 Habakkuk 2:4<CM> <Rf>
45	2	6	＊<RF q=a>a 6 Psalm 62:12<Rf>
45	2	24	＊<RF q=b>b 24 Isaiah 52:5<CM> <Rf>
45	3	4	＊<RF q=a>a 4 Psalm 51:4<Rf>
45	3	12	＊<RF q=b>b 10-12 Psalms 14:1-3; 53:1-3<Rf>
45	3	13	＊<RF q=c>c 13 Psalm 5:9<Rf>＊<RF q=d>d 13 Psalm 140:3<Rf>
45	3	14	＊<RF q=e>e 14 Psalm 10:7<Rf>
45	3	17	＊<RF q=f>f 15-17 Isaiah 59:7,8<Rf>
45	3	18	＊<RF q=g>g 18 Psalm 36:1<CM> <Rf>
45	4	3	＊<RF q=a>a 3 Genesis 15:6<Rf>
45	4	8	＊<RF q=b>b 7-8 Psalm 32:1,2<Rf>
45	4	17	＊<RF q=c>c 17 Genesis 17:5<Rf>
45	4	18	＊<RF q=d>d 18 Genesis 15:5<Rf>
45	4	22	＊<RF q=e>e 22 Genesis 15:6<CM> <Rf>
45	5	1	＊<RF q=a>a 1 WH and NE <em>ἔχωμεν</em><CM> <Rf>
45	7	7	＊<RF q=a>a 7 Exodus 20:17; Deuteronomy 5:21<CM> <Rf>
45	8	1	＊<RF q=a>a 1 BYZ and TR include <em>μὴ κατὰ σάρκα περιπατοῦσιν, ἀλλὰ κατὰ πνεῦμα.</em><Rf>
45	8	2	＊<RF q=b>b 2 BYZ and TR <em>ἠλευθέρωσέν με</em><Rf>
45	8	11	＊<RF q=c>c 11 NA, BYZ, and TR <em>Χριστὸν</em><Rf>
45	8	36	＊<RF q=d>d 36 Psalm 44:22<CM> <Rf>
45	9	7	＊<RF q=a>a 7 Genesis 21:12<Rf>
45	9	9	＊<RF q=b>b 9 Genesis 18:10,14<Rf>
45	9	12	＊<RF q=c>c 12 Genesis 25:23<Rf>
45	9	13	＊<RF q=d>d 13 Malachi 1:2,3<Rf>
45	9	15	＊<RF q=e>e 15 Exodus 33:19<Rf>
45	9	17	＊<RF q=f>f 17 Exodus 9:16<Rf>
45	9	20	＊<RF q=g>g 20 Isaiah 29:16; 45:9; Jeremiah 18:6<Rf>
45	9	25	＊<RF q=h>h 25 Hosea 2:23<Rf>
45	9	26	＊<RF q=i>i 26 Hosea 1:10<Rf>
45	9	28	＊<RF q=j>j 27-28 Isaiah 10:22,23<Rf>
45	9	29	＊<RF q=k>k 29 Isaiah 1:9<Rf>
45	9	33	＊<RF q=l>l 33 Isaiah 8:14; 28:16<CM> <Rf>
45	10	5	＊<RF q=a>a 5 Leviticus 18:5<Rf>
45	10	6	＊<RF q=b>b 6 Deuteronomy 30:12<Rf>
45	10	7	＊<RF q=c>c 7 Deuteronomy 30:13<Rf>
45	10	8	＊<RF q=d>d 8 Deuteronomy 30:14<Rf>
45	10	11	＊<RF q=e>e 11 Isaiah 28:16<Rf>
45	10	13	＊<RF q=f>f 13 Joel 2:32<Rf>
45	10	15	＊<RF q=g>g 15 BYZ and TR include <em>εὐαγγελιζομένων εἰρήνην, τῶν</em><Rf>＊<RF q=h>h 15 Isaiah 52:7<Rf>
45	10	16	＊<RF q=i>i 16 Isaiah 53:1<Rf>
45	10	18	＊<RF q=j>j 18 Psalm 19:4<Rf>
45	10	19	＊<RF q=k>k 19 Deuteronomy 32:21<Rf>
45	10	20	＊<RF q=l>l 20 Isaiah 65:1<Rf>
45	10	21	＊<RF q=m>m 21 Isaiah 65:2<CM> <Rf>
45	11	3	＊<RF q=a>a 3 1 Kings 19:10,14<Rf>
45	11	4	＊<RF q=b>b 4 1 Kings 19:18<Rf>
45	11	6	＊<RF q=c>c 6 BYZ and TR include <em>Εἰ δὲ ἐξ ἔργων, οὐκέτι ἐστὶν χάρις· ἐπεὶ τὸ ἔργον οὐκέτι ἐστὶν ἔργον.</em><Rf>
45	11	8	＊<RF q=d>d 8 Isaiah 29:10; Deuteronomy 29:4<Rf>
45	11	10	＊<RF q=e>e 9-10 Psalm 69:22,23<Rf>
45	11	27	＊<RF q=f>f 26-27 Isaiah 59:20,21; 27:9<Rf>
45	11	34	＊<RF q=g>g 34 Isaiah 40:13<Rf>
45	11	35	＊<RF q=h>h 35 Job 41:11<CM> <Rf>
45	12	19	＊<RF q=a>a 19 Deuteronomy 32:35<Rf>
45	12	20	＊<RF q=b>b 20 Proverbs 25:21,22<CM> <Rf>
45	13	9	＊<RF q=a>a 9 Exodus 20:13-17; Deuteronomy 5:17-21<Rf>＊<RF q=b>b 9 Leviticus 19:18<CM> <Rf>
45	14	6	＊<RF q=a>a 6 BYZ and TR include <em>καὶ ὁ μὴ φρονῶν τὴν ἡμέραν, κυρίῳ οὐ φρονεῖ</em><Rf>
45	14	11	＊<RF q=b>b 11 Or <em>will give praise</em><Rf>＊<RF q=c>c 11 Isaiah 45:23<Rf>
45	14	21	＊<RF q=d>d 21 SBL, BYZ and TR include <em>ἢ σκανδαλίζεται ἢ ἀσθενεῖ</em><Rf>
45	14	23	＊<RF q=e>e 23 Some manuscripts place Romans 16:25-27 here, or after Romans 15:33.<CM> <Rf>
45	15	3	＊<RF q=a>a 3 Psalm 69:9<Rf>
45	15	9	＊<RF q=b>b 9 2 Samuel 22:50; Psalm 18:49<Rf>
45	15	10	＊<RF q=c>c 10 Deuteronomy 32:43<Rf>
45	15	11	＊<RF q=d>d 11 Psalm 117:1<Rf>
45	15	12	＊<RF q=e>e 12 Isaiah 11:10<Rf>
45	15	21	＊<RF q=f>f 21 Isaiah 52:15<Rf>
45	15	29	＊<RF q=g>g 29 TR and BYZ include <em>τοῦ εὐαγγελίου τοῦ</em><CM> <Rf>
45	16	1	＊<RF q=a>a 1 Or <em>deaconess</em><Rf>
45	16	3	＊<RF q=b>b 3 Or <em>Priscilla</em><Rf>
45	16	23	＊<RF q=c>c 23 SBL, BYZ, and TR include <em>24 Ἡ χάρις τοῦ κυρίου ἡμῶν Ἰησοῦ Χριστοῦ μετὰ πάντων ὑμῶν. Ἀμήν.</em><PF0><PI0><Rf>
46	1	12	＊<RF q=a>a 12 That is, Peter<Rf>
46	1	19	＊<RF q=b>b 19 Isaiah 29:14<Rf>
46	1	31	＊<RF q=c>c 31 Jeremiah 9:24<CM> <Rf>
46	2	9	＊<RF q=a>a 9 Isaiah 64:4<Rf>
46	2	16	＊<RF q=b>b 16 Isaiah 40:13<CM> <Rf>
46	3	19	＊<RF q=a>a 19 Job 5:13<Rf>
46	3	20	＊<RF q=b>b 20 Psalm 94:11<Rf>
46	3	22	＊<RF q=c>c 22 That is, Peter<CM> <Rf>
46	4	17	＊<RF q=a>a 17 BYZ and TR <em>ὁδούς μου τὰς ἐν χριστῷ,</em><CM> <Rf>
46	5	5	＊<RF q=a>a 5 BYZ and TR <em>τοῦ κυρίου Ἰησοῦ</em><Rf>
46	5	13	＊<RF q=b>b 13 Deuteronomy 17:7<CM> <Rf>
46	6	16	＊<RF q=a>a 16 Genesis 2:24<Rf>
46	6	20	＊<RF q=b>b 20 BYZ and TR include <em>καὶ ἐν τῷ πνεύματι ὑμῶν, ἅτινά ἐστιν τοῦ θεοῦ</em><CM> <Rf>
46	7	15	＊<RF q=a>a 15 SBL, BYZ, and TR <em>ἡμᾶς</em><Rf>
46	7	26	＊<RF q=b>b 26 Or <em>impending</em><CM> <Rf>
46	9	5	＊<RF q=a>a 5 That is, Peter<Rf>
46	9	9	＊<RF q=b>b 9 Deuteronomy 25:4<CM> <Rf>
46	10	7	＊<RF q=a>a 7 Exodus 32:6<Rf>
46	10	9	＊<RF q=b>b 9 WH, NE, and Tischendorf <em>τὸν κύριον</em><Rf>
46	10	26	＊<RF q=c>c 26 Psalm 24:1<Rf>
46	10	28	＊<RF q=d>d 28 BYZ and TR <em>καὶ τὴν συνείδησιν· Tοῦ γὰρ κυρίου ἡ γῆ καὶ τὸ πλήρωμα αὐτῆς</em><CM> <Rf>
46	11	24	＊<RF q=a>a 24 BYZ and TR <em>τὸ ὑπὲρ ὑμῶν κλώμενον</em><CM> <Rf>
46	13	3	＊<RF q=a>a 3 SBL, NE, BYZ, and TR <em>καυθήσομαι</em><CM> <Rf>
46	14	21	＊<RF q=a>a 21 Isaiah 28:11,12<Rf>
46	14	38	＊<RF q=b>b 38 BYZ and TR <em>ἀγνοείτω</em><CM> <Rf>
46	15	5	＊<RF q=a>a 5 That is, Peter<Rf>
46	15	27	＊<RF q=b>b 27 Psalm 8:6<Rf>
46	15	32	＊<RF q=c>c 32 Isaiah 22:13<Rf>
46	15	33	＊<RF q=d>d 33 Probably a quote from the Greek comedy 'Thais' by Menander<Rf>
46	15	45	＊<RF q=e>e 45 Genesis 2:7<Rf>
46	15	54	＊<RF q=f>f 54 Isaiah 25:8<Rf>
46	15	55	＊<RF q=g>g 55 Hosea 13:14<CM> <Rf>
46	16	19	＊<RF q=a>a 19 Or <em>Priscilla</em><Rf>
46	16	22	＊<RF q=b>b 22 Greek <em>Maranatha</em> (a transliteration of Aramaic)<Rf>
46	16	24	＊<RF q=c>c 24 SBL, WH, and NA do not include <em>Ἀμήν</em><PF0><PI0><Rf>
47	1	19	＊<RF q=a>a 19 That is, Silas<CM> <Rf>
47	4	6	＊<RF q=a>a 6 Genesis 1:3<Rf>＊<RF q=b>b 6 SBL, NE, and WH <em>προσώπῳ Χριστοῦ</em><Rf>
47	4	13	＊<RF q=c>c 13 Psalm 116:10<CM> <Rf>
47	5	17	＊<RF q=a>a 17 Or <em>creature</em><Rf>
47	5	21	＊<RF q=b>b 21 Or <em>be a sin offering</em><CM> <Rf>
47	6	2	＊<RF q=a>a 2 Isaiah 49:8<Rf>
47	6	16	＊<RF q=b>b 16 Leviticus 26:12; Ezekiel 37:27<Rf>
47	6	17	＊<RF q=c>c 17 Isaiah 52:11; Ezekiel 20:34<CM> <Rf>
47	8	15	＊<RF q=a>a 15 Exodus 16:18<CM> <Rf>
47	9	9	＊<RF q=a>a 9 Psalm 112:9<CM> <Rf>
47	10	17	＊<RF q=a>a 17 Jeremiah 9:24<CM> <Rf>
47	13	1	＊<RF q=a>a 1 Deuteronomy 19:15<Rf>
47	13	11	＊<RF q=b>b 11 Or <em>listen to my appeal</em><Rf>
47	13	14	＊<RF q=c>c 14 Texts vary in verse numbering for the last three verses of 2 Corinthians 13. BYZ ends with <em>Ἀμήν</em>.<PF0><PI0><Rf>
48	1	18	＊<RF q=a>a 18 That is, Peter<CM> <Rf>
48	2	7	＊<RF q=a>a 7 Literal, <em>the uncircumcision</em><Rf>＊<RF q=b>b 7 Literal, <em>the circumcision</em>; also in verses 8 and 9<Rf>
48	2	9	＊<RF q=c>c 9 That is, Peter; also in verses 11 and 14<Rf>
48	2	21	＊<RF q=d>d 21 Some interpreters close the quotation after verse 14 or 16.<CM> <Rf>
48	3	6	＊<RF q=a>a 6 Genesis 15:6<Rf>
48	3	8	＊<RF q=b>b 8 Genesis 12:3; 18:18; 22:18<Rf>
48	3	10	＊<RF q=c>c 10 Deuteronomy 27:26<Rf>
48	3	11	＊<RF q=d>d 11 Habakkuk 2:4<Rf>
48	3	12	＊<RF q=e>e 12 Leviticus 18:5<Rf>
48	3	13	＊<RF q=f>f 13 Deuteronomy 21:23<Rf>
48	3	16	＊<RF q=g>g 16 Genesis 12:7; 13:15<CM> <Rf>
48	4	3	＊<RF q=a>a 3 Or <em>forces; also in verse 9</em><Rf>
48	4	27	＊<RF q=b>b 27 Isaiah 54:1<Rf>
48	4	28	＊<RF q=c>c 28 WH, BYZ, and TR <em>ἡμεῖς</em><Rf>
48	4	30	＊<RF q=d>d 30 Genesis 21:10<CM> <Rf>
48	5	14	＊<RF q=a>a 14 Leviticus 19:18<CM> <Rf>
48	6	14	＊<RF q=a>a 14 Or <em>through whom</em><PF0><PI0> <Rf>
49	1	1	＊<RF q=a>a 1 Some manuscripts do not include <em>ἐν Ἐφέσῳ</em><CM> <Rf>
49	3	14	＊<RF q=a>a 14 BYZ and TR include <em>τοῦ κυρίου ἡμῶν Ἰησοῦ χριστοῦ</em><CM> <Rf>
49	4	8	＊<RF q=a>a 8 Or <em>He says </em><Rf>＊<RF q=b>b 8 Psalm 68:18<Rf>
49	4	26	＊<RF q=c>c 26 Psalm 4:4<CM> <Rf>
49	5	30	＊<RF q=a>a 30 BYZ and TR include <em>ἐκ τῆς σαρκὸς αὐτοῦ καὶ ἐκ τῶν ὀστέων αὐτοῦ</em><Rf>
49	5	31	＊<RF q=b>b 31 Genesis 2:24<CM> <Rf>
49	6	3	＊<RF q=a>a 2-3 Deuteronomy 5:16<PF0><PI0><Rf>
50	1	13	＊<RF q=a>a 13 Or <em>palace</em><Rf>
50	1	14	＊<RF q=b>b 14 NE and WH <em>λόγον τοῦ Θεοῦ</em><CM> <Rf>
50	2	15	＊<RF q=a>a 15 Deuteronomy 32:5<CM> <Rf>
50	4	23	＊<RF q=a>a 23 BYZ and TR include <em>Ἀμήν.</em><PF0><PI0><Rf>
51	1	2	＊<RF q=a>a 2 BYZ and TR <em>θεοῦ πατρὸς ἡμῶν καὶ κυρίου Ἰησοῦ χριστοῦ</em><Rf>
51	1	7	＊<RF q=b>b 7 NE, NA, BYZ, and TR <em>ὑμῶν</em><Rf>
51	1	12	＊<RF q=c>c 12 BYZ and TR <em>ἡμᾶς</em><Rf>
51	1	23	＊<RF q=d>d 23 Or <em>to every creature</em><CM> <Rf>
51	3	4	＊<RF q=a>a 4 NE, WH, BYZ, and TR <em>ἡμῶν</em><Rf>
51	3	6	＊<RF q=b>b 6 NE, WH, and Tischendorf do not include <em>ἐπὶ τοὺς υἱοὺς τῆς ἀπειθείας</em><CM> <Rf>
51	4	18	＊<RF q=a>a 18 BYZ and TR include <em>Ἀμήν.</em><PF0><PI0><Rf>
52	1	1	＊<RF q=a>a 1 That is, Silas<Rf>＊<RF q=b>b 1 BYZ and TR include <em>ἀπὸ Θεοῦ πατρὸς ἡμῶν, καὶ κυρίου Ἰησοῦ Χριστοῦ</em><CM> <Rf>
52	5	28	＊<RF q=a>a 28 BYZ and TR include <em>Ἀμήν.</em><PF0><PI0><Rf>
53	1	1	＊<RF q=a>a 1 That is, Silas<CM> <Rf>
53	2	13	＊<RF q=a>a 13 Or <em>God has chosen you as the firstfruits</em><CM> <Rf>
53	3	18	＊<RF q=a>a 18 BYZ and TR include <em>Ἀμήν.</em><PF0><PI0><Rf>
54	2	11	＊<RF q=a>a 11 Or <em>wife</em>; also in verse 12<Rf>
54	2	12	＊<RF q=b>b 12 Or <em>over her husband</em><CM> <Rf>
54	3	11	＊<RF q=a>a 11 Or <em>their wives</em><Rf>
54	3	16	＊<RF q=b>b 16 Or <em>vindicated in spirit</em><CM> <Rf>
54	4	10	＊<RF q=a>a 10 SBL, BYZ, and TR <em>ὀνειδιζόμεθα</em><CM> <Rf>
54	5	18	＊<RF q=a>a 18 Deuteronomy 25:4<Rf>＊<RF q=b>b 18 Luke 10:7<CM> <Rf>
54	6	5	＊<RF q=a>a 5 BYZ and TR include <em>Ἀφίστασο ἀπὸ τῶν τοιούτων</em><Rf>
54	6	7	＊<RF q=b>b 7 BYZ and TR <em>κόσμον, δῆλον</em><Rf>
54	6	21	＊<RF q=c>c 21 BYZ and TR include <em>Ἀμήν.</em><PF0><PI0><Rf>
55	2	14	＊<RF q=a>a 14 SBL, BYZ, and TR <em>τοῦ κυρίου</em><CM> <Rf>
55	4	19	＊<RF q=a>a 19 That is, Priscilla<Rf>
55	4	22	＊<RF q=b>b 22 BYZ and TR include <em>Ἀμήν.</em><PF0><PI0><Rf>
56	1	12	＊<RF q=a>a 12 This quote has been attributed to the Cretan philosopher Epimenides<CM> <Rf>
56	3	15	＊<RF q=a>a 15 BYZ and TR include <em>Ἀμήν.</em><PF0><PI0><Rf>
57	1	10	＊<RF q=a>a 10 Onesimus means useful (see verse 11) or beneficial (see verse 20)<Rf>
57	1	25	＊<RF q=b>b 25 BYZ and TR include <em>Ἀμήν.</em><PF0><PI0><Rf>
58	1	5	＊<RF q=a>a 5 Psalm 2:7<Rf>＊<RF q=b>b 5 2 Samuel 7:14; 1 Chronicles 17:13<Rf>
58	1	6	＊<RF q=c>c 6 Deuteronomy 32:43<Rf>
58	1	7	＊<RF q=d>d 7 Psalm 104:4<Rf>
58	1	9	＊<RF q=e>e 8-9 Psalm 45:6,7<Rf>
58	1	12	＊<RF q=f>f 12 BYZ and TR do not include <em>ὡς ἱμάτιον</em><Rf>＊<RF q=g>g 10-12 Psalm 102:25-27<Rf>
58	1	13	＊<RF q=h>h 13 Psalm 110:1<CM> <Rf>
58	2	7	＊<RF q=a>a 7 Or <em>a little while lower</em>; also in verse 9<Rf>＊<RF q=b>b 7 WH and TR include <em>καὶ κατέστησας αὐτὸν ἐπὶ τὰ ἔργα τῶν χειρῶν σου</em><Rf>
58	2	8	＊<RF q=c>c 6-8 Psalm 8:4-6<Rf>
58	2	12	＊<RF q=d>d 12 Psalm 22:22<Rf>
58	2	13	＊<RF q=e>e 13 Isaiah 8:17<Rf>＊<RF q=f>f 13 Isaiah 8:18<CM> <Rf>
58	3	5	＊<RF q=a>a 5 Numbers 12:7<Rf>
58	3	6	＊<RF q=b>b 6 NE, WH, BYZ, and TR include <em>μέχρι τέλους βεβαίαν</em><Rf>
58	3	11	＊<RF q=c>c 7-11 Psalm 95:7-11<Rf>
58	3	15	＊<RF q=d>d 15 Psalm 95:7,8<CM> <Rf>
58	4	3	＊<RF q=a>a 3 Psalm 95:11; also in verse 5<Rf>
58	4	4	＊<RF q=b>b 4 Genesis 2:2<Rf>
58	4	7	＊<RF q=c>c 7 Psalm 95:7,8<CM> <Rf>
58	5	5	＊<RF q=a>a 5 Psalm 2:7<Rf>
58	5	6	＊<RF q=b>b 6 Psalm 110:4<CM> <Rf>
58	6	1	＊<RF q=a>a 1 Or <em>from pointless rituals</em><Rf>
58	6	2	＊<RF q=b>b 2 Or <em>cleansing rites</em><Rf>
58	6	14	＊<RF q=c>c 14 Genesis 22:17<CM> <Rf>
58	7	17	＊<RF q=a>a 17 Psalm 110:4<Rf>
58	7	21	＊<RF q=b>b 21 Psalm 110:4<Rf>
58	7	25	＊<RF q=c>c 25 Or <em>forever</em><CM> <Rf>
58	8	5	＊<RF q=a>a 5 Exodus 25:40<Rf>
58	8	12	＊<RF q=b>b 8-12 Jeremiah 31:31-34<CM> <Rf>
58	9	11	＊<RF q=a>a 11 BYZ and TR <em>μελλόντων</em><Rf>
58	9	14	＊<RF q=b>b 14 BYZ and TR <em>ὑμῶν</em><Rf>
58	9	20	＊<RF q=c>c 20 Exodus 24:8<CM> <Rf>
58	10	7	＊<RF q=a>a 5-7 Psalm 40:6-8<Rf>
58	10	16	＊<RF q=b>b 16 Jeremiah 31:33<Rf>
58	10	17	＊<RF q=c>c 17 Jeremiah 31:34<Rf>
58	10	30	＊<RF q=d>d 30 Deuteronomy 32:35<Rf>＊<RF q=e>e 30 Deuteronomy 32:36; Psalm 135:14<Rf>
58	10	38	＊<RF q=f>f 38 BYZ and TR <em>Ὁ δὲ δίκαιος </em><Rf>＊<RF q=g>g 38 Habakkuk 2:3,4<CM> <Rf>
58	11	5	＊<RF q=a>a 5 Genesis 5:24<Rf>
58	11	18	＊<RF q=b>b 18 Genesis 21:12<Rf>
58	11	37	＊<RF q=c>c 37 NE, WH, BYZ, and TR include <em>ἐπειράσθησαν,</em><CM> <Rf>
58	12	6	＊<RF q=a>a 5-6 Proverbs 3:11,12<Rf>
58	12	20	＊<RF q=b>b 20 Exodus 19:12,13<Rf>
58	12	21	＊<RF q=c>c 21 See Deuteronomy 9:19<Rf>
58	12	26	＊<RF q=d>d 26 Haggai 2:6<Rf>
58	12	29	＊<RF q=e>e 29 Deuteronomy 4:24<CM> <Rf>
58	13	5	＊<RF q=a>a 5 Deuteronomy 31:6<Rf>
58	13	6	＊<RF q=b>b 6 Psalm 118:6<Rf>
58	13	21	＊<RF q=c>c 21 BYZ and TR <em>παντὶ ἔργῳ ἀγαθῷ</em><Rf>＊<RF q=d>d 21 BYZ and TR <em>ὑμῖν</em><Rf>
58	13	25	＊<RF q=e>e 25 BYZ and TR include <em>Ἀμήν.</em><PF0><PI0><Rf>
59	2	8	＊<RF q=a>a 8 Leviticus 19:18<Rf>
59	2	11	＊<RF q=b>b 11 Exodus 20:14; Deuteronomy 5:18<Rf>＊<RF q=c>c 11 Exodus 20:13; Deuteronomy 5:17<Rf>
59	2	20	＊<RF q=d>d 20 BYZ and TR <em>νεκρά</em><Rf>
59	2	23	＊<RF q=e>e 23 Genesis 15:6<CM> <Rf>
59	4	4	＊<RF q=a>a 4 See Hosea 3:1<Rf>
59	4	6	＊<RF q=b>b 6 Proverbs 3:34<CM> <Rf>
60	1	16	＊<RF q=a>a 16 Leviticus 11:44,45; 19:2; 20:7<Rf>
60	1	22	＊<RF q=b>b 22 SBL, NE, and WH <em>ἐκ καρδίας</em><Rf>
60	1	25	＊<RF q=c>c 24-25 Isaiah 40:6-8<CM> <Rf>
60	2	6	＊<RF q=a>a 6 Isaiah 28:16<Rf>
60	2	7	＊<RF q=b>b 7 Psalm 118:22<Rf>
60	2	8	＊<RF q=c>c 8 Isaiah 8:14<Rf>
60	2	22	＊<RF q=d>d 22 Isaiah 53:9<Rf>
60	2	24	＊<RF q=e>e 24 Isaiah 53:5<Rf>
60	2	25	＊<RF q=f>f 25 Isaiah 53:6<CM> <Rf>
60	3	12	＊<RF q=a>a 10-12 Psalm 34:12-16<Rf>
60	3	14	＊<RF q=b>b 14 Or <em>fear what they fear</em><Rf>＊<RF q=c>c 14 Isaiah 8:12<Rf>
60	3	18	＊<RF q=d>d 18 NE and WH <em>ἀπέθανεν</em><CM> <Rf>
60	4	1	＊<RF q=a>a 1 BYZ and TR include <em>ὑπὲρ ἡμῶν</em><Rf>
60	4	14	＊<RF q=b>b 14 BYZ and TR include <em>κατὰ μὲν αὐτοὺς βλασφημεῖται, κατὰ δὲ ὑμᾶς δοξάζεται.</em><Rf>
60	4	16	＊<RF q=c>c 16 NA <em>μέρει</em><Rf>
60	4	18	＊<RF q=d>d 18 Proverbs 11:31<CM> <Rf>
60	5	1	＊<RF q=a>a 1 SBL, NE, and WH <em>οὖν</em><Rf>
60	5	2	＊<RF q=b>b 2 NE and WH do not include <em>ἐπισκοποῦντες</em><Rf>＊<RF q=c>c 2 WH, BYZ, and TR do not include <em>κατὰ θεόν</em><Rf>
60	5	5	＊<RF q=d>d 5 Proverbs 3:34<Rf>
60	5	10	＊<RF q=e>e 10 BYZ and TR <em>ἐν χριστῷ Ἰησοῦ</em><Rf>
60	5	12	＊<RF q=f>f 12 That is, Silas<Rf>
60	5	14	＊<RF q=g>g 14 BYZ and TR include <em>Ἀμήν.</em><PF0><PI0><Rf>
61	1	17	＊<RF q=a>a 17 Matthew 17:5; Mark 9:7; Luke 9:35<CM> <Rf>
61	2	4	＊<RF q=a>a 4 Or <em>in gloomy dungeons</em><Rf>
61	2	6	＊<RF q=b>b 6 WH <em>Σοδόμων καὶ Γομόρρας τεφρώσας κατέκρινεν</em><Rf>＊<RF q=c>c 6 NE, NA, BYZ, and TR <em>ἀσεβεῖν</em><Rf>
61	2	20	＊<RF q=d>d 20 Some manuscripts <em>τοῦ κυρίου ἡμῶν καὶ σωτῆρος</em><Rf>
61	2	22	＊<RF q=e>e 22 Proverbs 26:11<CM> <Rf>
61	3	6	＊<RF q=a>a 6 NA <em>ὃν</em><Rf>
61	3	10	＊<RF q=b>b 10 BYZ and TR <em>κατακαήσεται</em>; SBL, NE, WH <em>ἔργα εὑρεθήσεται</em><Rf>
61	3	16	＊<RF q=c>c 16 Or <em>in all the letters</em><Rf>＊<RF q=d>d 16 NA <em>στρεβλώσουσιν</em><Rf>
61	3	18	＊<RF q=e>e 18 NE, WH, and NA do not include <em>Ἀμήν.</em><PF0><PI0><Rf>
62	1	4	＊<RF q=a>a 4 BYZ and TR <em>ὑμῖν</em><Rf>
62	1	7	＊<RF q=b>b 7 NA does Not include <em>δὲ</em><CM> <Rf>
62	2	20	＊<RF q=a>a 20 BYZ and TR <em>οἴδατε πάντα</em><CM> <Rf>
62	3	2	＊<RF q=a>a 2 Or <em>when it appears</em><Rf>
62	3	7	＊<RF q=b>b 7 NA <em>Παιδία</em><CM> <Rf>
62	4	3	＊<RF q=a>a 3 BYZ and TR <em>Ἰησοῦν χριστὸν ἐν σαρκὶ ἐληλυθότα</em><Rf>
62	4	6	＊<RF q=b>b 6 Or <em>spirit</em><CM> <Rf>
62	5	7	＊<RF q=a>a 7 TR and GOC include <em>εν τῷ οὐρανῷ, ὁ πατήρ, ὁ λόγος, καὶ τὸ Ἅγιον Πνεῦμα· καὶ οὗτοι οἱ τρεῖς ἕν εἰσι. 8 καὶ τρεῖς εἰσὶν οἱ μαρτυροῦντες ἐν τῇ γῇ,</em><Rf>
62	5	13	＊<RF q=b>b 13 BYZ and TR include <em>καὶ ἵνα πιστεύητε εἰς τὸ ὄνομα τοῦ υἱοῦ τοῦ θεοῦ.</em><Rf>
62	5	18	＊<RF q=c>c 18 NA, BYZ, and TR <em>ἑαυτὸν</em><Rf>
62	5	21	＊<RF q=d>d 21 BYZ and TR include <em>Ἀμήν.</em><PF0><PI0><Rf>
63	1	8	＊<RF q=a>a 8 NE and WH <em>ἠργασάμεθα</em><Rf>
63	1	13	＊<RF q=b>b 13 BYZ and TR include <em>Ἀμήν.</em><PF0><PI0><Rf>
65	1	5	＊<RF q=a>a 5 NE, WH, BYZ, and TR <em>Κύριος</em><Rf>
65	1	9	＊<RF q=b>b 9 See the Testament of Moses<Rf>
65	1	12	＊<RF q=c>c 12 Or <em>blemishes</em><Rf>
65	1	15	＊<RF q=d>d 15 See the First Book of Enoch<PF0><PI0><Rf>
66	1	4	＊<RF q=a>a 4 Or <em>sevenfold Spirit</em>; also in chapters 3, 4, and 5<Rf>
66	1	8	＊<RF q=b>b 8 TR includes <em>ἀρχὴ καὶ τέλος</em><Rf>
66	1	11	＊<RF q=c>c 11 TR includes <em>Ἐγώ ἐιμι τὸ Α καὶ τὸ Ω, ὁ πρῶτος καὶ ὁ ἔσχατος· καὶ</em><Rf>
66	1	13	＊<RF q=d>d 13 See Daniel 7:13<CM> <Rf>
66	2	27	＊<RF q=a>a 26-27 Psalm 2:8,9<CM> <Rf>
66	5	10	＊<RF q=a>a 10 WH <em>βασιλεύουσιν</em><Rf>
66	5	14	＊<RF q=b>b 14 TR includes <em>ζῶντι εἰς τοὺς αἰωνας τῶν αἰώνων</em><CM> <Rf>
66	6	6	＊<RF q=a>a 6 A choenix was a Greek dry measure, equivalent to 1.92 pints. A denarius was customarily a day's wage for a laborer (see Matthew 20:2)<Rf>
66	6	16	＊<RF q=b>b 16 See Hosea 10:8<Rf>
66	6	17	＊<RF q=c>c 17 BYZ and TR <em>αὐτοῦ</em><CM> <Rf>
66	7	16	＊<RF q=a>a 16 Isaiah 49:10<Rf>
66	7	17	＊<RF q=b>b 17 Psalm 23:1<Rf>＊<RF q=c>c 17 Psalm 23:2<Rf>＊<RF q=d>d 17 Isaiah 25:8<CM> <Rf>
66	9	11	＊<RF q=a>a 11 Abaddon means destruction<Rf>＊<RF q=b>b 11 Apollyon means destroyer<CM> <Rf>
66	10	9	＊<RF q=a>a 9 Numbers 5:24; Ezekiel 3:3<CM> <Rf>
66	11	4	＊<RF q=a>a 4 Zechariah 4:3,11,14.<Rf>
66	11	17	＊<RF q=b>b 17 TR includes <em>καὶ ὁ ἐρχόμενος</em><CM> <Rf>
66	12	5	＊<RF q=a>a 5 Psalm 2:9<Rf>
66	12	17	＊<RF q=b>b 17 BYZ and TR <em>Καὶ ἐστάθην ἐπὶ τὴν ἄμμον τῆς θαλάσσης· </em>Some texts number this sentence as verse 18, and others include it with 13:1.<CM> <Rf>
66	13	10	＊<RF q=a>a 10 NE, WH, and BYZ <em>ἀποκτενεῖ</em><Rf>＊<RF q=b>b 10 Jeremiah 15:2<Rf>
66	13	18	＊<RF q=c>c 18 Some manuscripts <em>ἑξακόσιοι δεκα ἕξ</em><CM> <Rf>
66	14	5	＊<RF q=a>a 5 BYZ and TR include <em>ἐνώπιον τοῦ θρόνου τοῦ Θεοῦ</em><Rf>
66	14	8	＊<RF q=b>b 8 Isaiah 21:9; Daniel 4:30<Rf>
66	14	14	＊<RF q=c>c 14 See Daniel 7:13<Rf>
66	14	20	＊<RF q=d>d 20 About 183 miles or 29 kilometers<CM> <Rf>
66	15	3	＊<RF q=a>a 3 SBL and WH <em>αἰώνων</em>; TR <em>ἁγίων</em><CM> <Rf>
66	16	21	＊<RF q=a>a 21 Greek <em>a talent in weight</em>, or about 45 kilograms<CM> <Rf>
66	18	2	＊<RF q=a>a 2 Isaiah 21:9; Daniel 4:30<Rf>＊<RF q=b>b 2 NE, WH, BYZ, and TR do not include <em>καὶ φυλακὴ παντὸς θηρίου ἀκαθάρτου</em><Rf>
66	18	3	＊<RF q=c>c 3 SBL and WH <em>πέπτωκαν</em><Rf>
66	18	4	＊<RF q=d>d 4 Jeremiah 51:45<CM> <Rf>
66	19	13	＊<RF q=a>a 13 WH <em>ῤεραντισμένον</em><Rf>
66	19	15	＊<RF q=b>b 15 Psalm 2:9<CM> <Rf>
66	20	9	＊<RF q=a>a 9 BYZ and TR include <em>τοῦ θεοῦ</em><CM> <Rf>
66	21	1	＊<RF q=a>a 1 Isaiah 65:17; 66:22<Rf>
66	21	3	＊<RF q=b>b 3 SBL, NE, WH, and BYZ do not include <em>as their God</em><Rf>
66	21	4	＊<RF q=c>c 4 Isaiah 25:8<Rf>
66	21	16	＊<RF q=d>d 16 About 1,370 miles or 2,200 kilometers<Rf>
66	21	17	＊<RF q=e>e 17 That is, about 200 feet or 65 meters. The measure could indicate either height or thickness.<Rf>
66	21	24	＊<RF q=f>f 24 BYZ and TR include <em>καὶ τιμὴν</em><CM> <Rf>
66	22	14	＊<RF q=a>a 14 BYZ and TR <em>ποιοῦντες τὰς ἐντολὰς</em><Rf>
66	22	21	＊<RF q=b>b 21 WH and BYZ <em>τοῦ Κυρίου Ἰησοῦ Χριστοῦ</em>; TR <em>τοῦ Κυρίου ημῶν Ἰησοῦ Χριστοῦ</em><Rf>＊<RF q=c>c 21 SBL, WH, NE, and TR do not include <em>ἁγίων</em><Rf>＊<RF q=d>d 21 SBL, WH, NE, and NA do not include <em>Ἀμήν.</em><PF0><PI0> <Rf>
