470	1	23	1	23	a	<blu>a</blu> 23 Isaiah 7:14
470	2	6	2	6	a	<blu>a</blu> 6 Micah 5:2,4
470	2	15	2	15	b	<blu>b</blu> 15 Hosea 11:1
470	2	18	2	18	c	<blu>c</blu> 18 Jeremiah 31:15
470	3	3	3	3	a	<blu>a</blu> 3 Isaiah 40:3
470	3	11	3	11	b	<blu>b</blu> 11 Or <em>in water ... in the Holy Spirit</em>
470	3	16	3	16	c	<blu>c</blu> 16 NA, BYZ, and TR include include <em>αὐτῷ</em>
470	4	4	4	4	a	<blu>a</blu> 4 Deuteronomy 8:3
470	4	6	4	6	b	<blu>b</blu> 6 Psalm 91:11,12
470	4	7	4	7	c	<blu>c</blu> 7 Deuteronomy 6:16
470	4	10	4	10	d	<blu>d</blu> 10 Deuteronomy 6:13
470	4	16	4	16	e	<blu>e</blu> 15-16 Isaiah 9:1,2
470	4	25	4	25	f	<blu>f</blu> 25 That is, the Ten Cities
470	5	21	5	21	a	<blu>a</blu> 21 Exodus 20:13; Deuteronomy 5:17
470	5	22	5	22	b	<blu>b</blu> 22 BYZ and TR <em>τῷ ἀδελφῷ αὐτοῦ εἰκῇ</em>
470	5	22	5	22	c	<blu>c</blu> 22 An Aramaic expression of contempt
470	5	26	5	26	d	<blu>d</blu> 26 Greek <em>kodranten</em>, A roman copper coin worth about 1/64 of a denarius
470	5	27	5	27	e	<blu>e</blu> 27 Exodus 20:14; Deuteronomy 5:18
470	5	31	5	31	f	<blu>f</blu> 31 Deuteronomy 24:1
470	5	37	5	37	g	<blu>g</blu> 37 Or <em>from evil</em>
470	5	38	5	38	h	<blu>h</blu> 38 Exodus 21:24; Leviticus 24:20; Deuteronomy 19:21
470	5	43	5	43	i	<blu>i</blu> 43 Leviticus 19:18
470	5	44	5	44	j	<blu>j</blu> 44 BYZ and TR <em>εὐλογεῖτε τοὺς καταρωμένους ὑμᾶς, καλῶς ποιεῖτε τοῖς μισοῦσιν ὑμᾶς, καὶ προσεύχεσθε ὑπὲρ τῶν ἐπηρεαζόντων ὑμᾶς, καὶ διωκόντων ὑμᾶς·</em>
470	6	13	6	13	a	<blu>a</blu> 13 BYZ and TR include <em>Ὅτι σοῦ ἐστιν ἡ βασιλεία καὶ ἡ δύναμις καὶ ἡ δόξα εἰς τοὺς αἰῶνας. Ἀμήν.</em>
470	6	19	6	19	b	<blu>b</blu> 19 Or <em>worm</em>; also in verse 20
470	6	27	6	27	c	<blu>c</blu> 27 Or <em>a single cubit to his height</em>; a cubit was about 18 inches or 45 centimeters
470	8	2	8	2	a	<blu>a</blu> 2 Leprosy was a term for several skin diseases. See Leviticus 13.
470	8	17	8	17	b	<blu>b</blu> 17 Isaiah 53:4
470	8	28	8	28	c	<blu>c</blu> 28 BYZ and TR <em>Γεργεσηνῶν</em>
470	9	13	9	13	a	<blu>a</blu> 13 Hosea 6:6
470	10	8	10	8	a	<blu>a</blu> 8 Leprosy was a term for several skin diseases. See Leviticus 13.
470	10	29	10	29	b	<blu>b</blu> 29 Greek <em>assarion</em>, a Roman copper coin worth about 1/16 of a denarius
470	10	36	10	36	c	<blu>c</blu> 35-36 Micah 7:6
470	11	5	11	5	a	<blu>a</blu> 5 Leprosy was a term for several skin diseases. See Leviticus 13.
470	11	10	11	10	b	<blu>b</blu> 10 Malachi 3:1
470	11	12	11	12	c	<blu>c</blu> 12 Or <em>has been forcefully advancing</em>
470	11	15	11	15	d	<blu>d</blu> 15 BYZ and TR <em>ὦτα ἀκούειν</em>
470	12	7	12	7	a	<blu>a</blu> 7 Hosea 6:6
470	12	21	12	21	b	<blu>b</blu> 18-21 Isaiah 42:1-4
470	12	46	12	46	c	<blu>c</blu> 46 WH and some manuscripts do not include verse 47
470	13	9	13	9	a	<blu>a</blu> 9 BYZ and TR <em>ὦτα ἀκούειν</em>
470	13	15	13	15	b	<blu>b</blu> 14-15 Isaiah 6:9,10
470	13	35	13	35	c	<blu>c</blu> 35 Psalm 78:2
470	13	43	13	43	d	<blu>d</blu> 43 BYZ and TR <em>ὦτα ἀκούειν</em>
470	14	24	14	24	a	<blu>a</blu> 24 Greek <em>many stadia</em>, a stadion was about 607 feet or 185 meters
470	15	4	15	4	a	<blu>a</blu> 4 Exodus 20:12; Deuteronomy 5:16
470	15	4	15	4	b	<blu>b</blu> 4 Exodus 21:17; Leviticus 20:9
470	15	9	15	9	c	<blu>c</blu> 8-9 Isaiah 29:13
470	15	14	15	14	d	<blu>d</blu> 14 Or <em>blind guides</em>
470	16	3	16	3	a	<blu>a</blu> 2-3 Several manuscripts do not include <em>Ὀψίας γενομένης λέγετε . . . καιρῶν οὐ δύνασθε</em> from verses 2 and 3.
470	16	21	16	21	b	<blu>b</blu> 21 NE and WH <em>Ἰησοῦς Χριστὸς</em>
470	17	20	17	20	a	<blu>a</blu> 20 See Mark 9:29. BYZ and TR include <em>21 Tοῦτο δὲ τὸ γένος οὐκ ἐκπορεύεται εἰ μὴ ἐν προσευχῇ καὶ νηστείᾳ.</em>
470	17	27	17	27	b	<blu>b</blu> 27 Greek stater, a silver coin worth approximately one shekel
470	18	10	18	10	a	<blu>a</blu> 10 See Luke 19:10. BYZ and TR include<em>11 Ἦλθεν γὰρ ὁ υἱὸς τοῦ ἀνθρώπου σῶσαι τὸ ἀπολωλός.</em>
470	18	15	18	15	b	<blu>b</blu> 15 NE and WH do not include <em>εἰς σὲ</em>
470	18	16	18	16	c	<blu>c</blu> 16 Deuteronomy 19:15
470	18	22	18	22	d	<blu>d</blu> 22 Or <em>seventy times seven</em>
470	18	24	18	24	e	<blu>e</blu> 24 A talent was worth about twenty years' wages for a laborer
470	18	28	18	28	f	<blu>f</blu> 28 A denarius was customarily a day's wage for a laborer (see Matthew 20:2)
470	19	4	19	4	a	<blu>a</blu> 4 Genesis 1:27
470	19	5	19	5	b	<blu>b</blu> 5 Genesis 2:24
470	19	9	19	9	c	<blu>c</blu> 9 SBL and BYZ include <em>καὶ ὁ ἀπολελυμένην γαμήσας μοιχᾶται.</em>
470	19	19	19	19	d	<blu>d</blu> 18-19 Exodus 20:12-16; Deuteronomy 5:16-20; Leviticus 19:18
470	19	29	19	29	e	<blu>e</blu> 29 NE, WH, and NA do not include <em>ἢ γυναῖκα</em>
470	20	2	20	2	a	<blu>a</blu> 2 A denarius was customarily a day's wage for a laborer
470	20	7	20	7	b	<blu>b</blu> 7 BYZ and TR include <em>καὶ ὃ ἐὰν ᾖ δίκαιον λήψεσθε.</em>
470	20	16	20	16	c	<blu>c</blu> 16 BYZ and TR include <em>πολλοὶ γάρ εἰσιν κλητοί, ὀλίγοι δὲ ἐκλεκτοί.</em>
470	20	22	20	22	d	<blu>d</blu> 22 BYZ includes <em>ἢ τὸ βάπτισμα ὃ ἐγὼ βαπτίζομαι βαπτισθῆναι</em>, TR <em>καὶ τὸ βάπτισμα ὅ ἐγὼ βαπτίζομαι βαπτισθῆναι</em>
470	20	23	20	23	e	<blu>e</blu> 23 BYZ and TR include <em>καὶ τὸ βάπτισμα ὃ ἐγὼ βαπτίζομαι βαπτισθήσεσθε</em>
470	21	5	21	5	a	<blu>a</blu> 5 Zechariah 9:9
470	21	9	21	9	b	<blu>b</blu> 9 Psalm 118:25
470	21	9	21	9	c	<blu>c</blu> 9 Psalm 118:26
470	21	9	21	9	d	<blu>d</blu> 9 Psalm 148:1
470	21	12	21	12	e	<blu>e</blu> 12 BYZ <em>τοῦ θεοῦ</em>
470	21	13	21	13	f	<blu>f</blu> 13 Isaiah 56:7
470	21	13	21	13	g	<blu>g</blu> 13 Jeremiah 7:11
470	21	16	21	16	h	<blu>h</blu> 16 Psalm 8:2
470	21	29	21	29	i	<blu>i</blu> 29 NE and WH do not include <em>ὕστερον δὲ μεταμεληθεὶς</em>
470	21	42	21	42	j	<blu>j</blu> 42 Psalm 118:22,23
470	21	43	21	43	k	<blu>k</blu> 43 Tischendorf and some manuscripts do not include verse 44.
470	22	19	22	19	a	<blu>a</blu> 19 A denarius was customarily a day's wage for a laborer (see Matthew 20:2)
470	22	30	22	30	b	<blu>b</blu> 30 SBL and TR<em>ἄγγελοι θεοῦ</em>; BYZ <em>ἄγγελοι τοῦ θεοῦ</em>
470	22	32	22	32	c	<blu>c</blu> 32 Exodus 3:6
470	22	37	22	37	d	<blu>d</blu> 37 Deuteronomy 6:5
470	22	39	22	39	e	<blu>e</blu> 39 Leviticus 19:18
470	22	44	22	44	f	<blu>f</blu> 44 Psalm 110:1
470	23	4	23	4	a	<blu>a</blu> 4 SBL, NE, and WH do not include <em>καὶ δυσβάστακτα</em>
470	23	13	23	13	b	<blu>b</blu> 13 See Mark 12:40 and Luke 20:47. BYZ <em>14 Οὐαὶ ὑμῖν, γραμματεῖς καὶ Φαρισαῖοι, ὑποκριταί, ὅτι κλείετε τὴν βασιλείαν τῶν οὐρανῶν ἔμπροσθεν τῶν ἀνθρώπων· ὑμεῖς γὰρ οὐκ εἰσέρχεσθε, οὐδὲ τοὺς εἰσερχομένους ἀφίετε εἰσελθεῖν.</em> TR is similar.
470	23	39	23	39	c	<blu>c</blu> 39 Psalm 118:26
470	24	15	24	15	a	<blu>a</blu> 15 Daniel 9:27; 11:31; 12:11
470	24	29	24	29	b	<blu>b</blu> 29 Isaiah 13:10; 34:4; Joel 2:10
470	24	30	24	30	c	<blu>c</blu> 30 See Daniel 7:13-14
470	24	33	24	33	d	<blu>d</blu> 33 Or <em>it is</em>
470	24	36	24	36	e	<blu>e</blu> 36 BYZ and TR do not include <em>οὐδὲ ὁ υἱός</em>
470	25	13	25	13	a	<blu>a</blu> 13 BYZ and TR include <em>ἐν ᾗ ὁ υἱὸς τοῦ ἀνθρώπου ἔρχεται</em>
470	25	15	25	15	b	<blu>b</blu> 15 A talent was worth about twenty years' wages for a laborer
470	26	6	26	6	a	<blu>a</blu> 6 Leprosy was a term for several skin diseases. See Leviticus 13.
470	26	11	26	11	b	<blu>b</blu> 11 See Deuteronomy 15:11.
470	26	20	26	20	c	<blu>c</blu> 20 BYZ and TR <em>τῶν δώδεκα</em>
470	26	28	26	28	d	<blu>d</blu> 28 BYZ and TR <em>τὸ τῆς καινῆς διαθήκης</em>
470	26	31	26	31	e	<blu>e</blu> 31 Zechariah 13:7
470	26	50	26	50	f	<blu>f</blu> 50 Or <em>Friend, why have you come?</em>
470	26	64	26	64	g	<blu>g</blu> 64 See Psalm 110:1; Daniel 7:13.
470	27	10	27	10	a	<blu>a</blu> 9-10 See Zechariah 11:12,13; Jeremiah 19:1-13; 32:6-9.
470	27	16	27	16	b	<blu>b</blu> 16 SBL and NA, <em>Ἰησοῦν Βαραββᾶν</em>; also in verse 17.
470	27	24	27	24	c	<blu>c</blu> 24 BYZ and TR <em>τοῦ αἵματος τοῦ δικαίου τούτου</em>
470	27	35	27	35	d	<blu>d</blu> 35 TR includes <em>ἵνα πληρωθῇ τὸ ῥηθὲν ὑπὸ τοῦ προφήτου, Διεμερίσαντο τὰ ἱμάτιά μου ἑαυτοῖς, καὶ ἐπὶ τὸν ἱματισμόν μου ἔβαλον κλῆρον.</em>
470	27	46	27	46	e	<blu>e</blu> 46 NE and WH <em>Ἡλεὶ Ἡλεὶ</em>
470	27	46	27	46	f	<blu>f</blu> 46 Psalm 22:1
470	28	6	28	6	a	<blu>a</blu> 6 BYZ and TR <em>ὅπου ἔκειτο ὁ κύριος</em>
470	28	9	28	9	b	<blu>b</blu> 9 BYZ and TR include <em>Ὡς δὲ ἐπορεύοντο ἀπαγγεῖλαι τοῖς μαθηταῖς αὐτοῦ</em><PF0><PI0>
480	1	1	1	1	a	<blu>a</blu> 1 SBL and WH do not include <em>υἱοῦ θεοῦ</em>
480	1	2	1	2	b	<blu>b</blu> 2 Malachi 3:1
480	1	3	1	3	c	<blu>c</blu> 3 Isaiah 40:3
480	1	8	1	8	d	<blu>d</blu> 8 Or <em>in water</em>
480	1	40	1	40	e	<blu>e</blu> 40 Leprosy was a term for several skin diseases. See Leviticus 13.
480	1	41	1	41	f	<blu>f</blu> 41 SBL <em>ὀργισθεὶς</em>
480	2	16	2	16	a	<blu>a</blu> 16 BYZ and TR include <em>καὶ πίνει</em>
480	2	22	2	22	b	<blu>b</blu> 22 Tischendorf and some other texts do not include <em>ἀλλὰ οἶνον νέον εἰς ἀσκοὺς καινούς</em>
480	3	32	3	32	a	<blu>a</blu> 32 NE and NA include <em>καὶ αἱ ἀδελφαί σου</em>
480	4	12	4	12	a	<blu>a</blu> 12 Isaiah 6:9,10
480	5	1	5	1	a	<blu>a</blu> 1 BYZ and TR <em>Γαδαρηνῶν</em>
480	5	20	5	20	b	<blu>b</blu> 20 That is, the Ten Cities
480	6	11	6	11	a	<blu>a</blu> 11 BYZ and TR include <em>Ἀμὴν λέγω ὑμῖν, ἀνεκτότερον ἔσται Σοδόμοις ἢ Γομόρροις ἐν ἡμέρᾳ κρίσεως, ἢ τῇ πόλει ἐκείνῃ.</em>
480	6	37	6	37	b	<blu>b</blu> 37 A denarius was customarily a day's wage for a laborer (see Matthew 20:2)
480	7	4	7	4	a	<blu>a</blu> 4 NE and WH do not include <em>καὶ κλινῶν</em>
480	7	7	7	7	b	<blu>b</blu> 7 Isaiah 29:13
480	7	8	7	8	c	<blu>c</blu> 8 BYZ and TR include <em>βαπτισμοὺς ξεστῶν καὶ ποτηρίων· καὶ ἄλλα παρόμοια τοιαῦτα πολλὰ ποιεῖτε</em>
480	7	9	7	9	d	<blu>d</blu> 9 NA <em>στήσητε</em>
480	7	10	7	10	e	<blu>e</blu> 10 Exodus 20:12; Deuteronomy 5:16
480	7	10	7	10	f	<blu>f</blu> 10 Exodus 21:17; Leviticus 20:9
480	7	15	7	15	g	<blu>g</blu> 15 BYZ and TR include <em>16 Εἴ τις ἔχει ὦτα ἀκούειν ἀκουέτω.</em>
480	7	21	7	21	h	<blu>h</blu> 21 Many Sources move <em>μοιχεῖαι</em> to verse 22
480	7	24	7	24	i	<blu>i</blu> 24 WH, BYZ and TR include <em>καὶ Σιδῶνος</em>
480	7	31	7	31	j	<blu>j</blu> 31 That is, the Ten Cities
480	8	26	8	26	a	<blu>a</blu> 26 BYZ and TR <em>Μηδὲ εἰς τὴν κώμην εἰσέλθῃς, μηδὲ εἴπῃς τινὶ ἐν τῇ κώμῃ.</em>
480	9	24	9	24	a	<blu>a</blu> 24 BYZ and TR include <em>μετὰ δακρύων</em>
480	9	29	9	29	b	<blu>b</blu> 29 BYZ and TR <em>προσευχῇ καὶ νηστείᾳ</em>
480	9	43	9	43	c	<blu>c</blu> 43 See Isaiah 66:24, Mark 9:48. BYZ and TR <em>44 ὅπου ὁ σκώληξ αὐτῶν οὐ τελευτᾷ, καὶ τὸ πῦρ οὐ σβέννυται.</em>
480	9	45	9	45	d	<blu>d</blu> 45 See Isaiah 66:24, Mark 9:48. BYZ and TR <em>46 ὅπου ὁ σκώληξ αὐτῶν οὐ τελευτᾷ, καὶ τὸ πῦρ οὐ σβέννυται.</em>
480	9	48	9	48	e	<blu>e</blu> 48 Isaiah 66:24
480	9	49	9	49	f	<blu>f</blu> 49 BYZ and TR include <em>καὶ πᾶσα θυσία ἁλὶ ἁλισθήσεται.</em>
480	10	6	10	6	a	<blu>a</blu> 6 Genesis 1:27
480	10	7	10	7	b	<blu>b</blu> 7-8 NE and WH do not include <em>καὶ προσκολληθήσεται πρὸς τὴν γυναῖκα αὐτοῦ</em>
480	10	8	10	8	c	<blu>c</blu> 8 Genesis 2:24
480	10	19	10	19	d	<blu>d</blu> 19 Exodus 20:12-16; Deuteronomy 5:16-20
480	10	24	10	24	e	<blu>e</blu> 24 BYZ includes <em>τοὺς πεποιθότας ἐπὶ χρήμασιν</em>. TR is similar.
480	11	9	11	9	a	<blu>a</blu> 9 Psalm 118:25
480	11	9	11	9	b	<blu>b</blu> 9 Psalm 118:26
480	11	10	11	10	c	<blu>c</blu> 10 Psalm 148:1
480	11	17	11	17	d	<blu>d</blu> 17 Isaiah 56:7
480	11	17	11	17	e	<blu>e</blu> 17 Jeremiah 7:11
480	11	25	11	25	f	<blu>f</blu> 25 See Matthew 6:15. BYZ and TR <em>26 Εἰ δὲ ὑμεῖς οὖκ ἀφίετε, οὐδὲ ὁ πατὴρ ὑμῶν ὁ ἐν τοῖς οὐρανοῖς ἀφήσει τὰ παραπτώματα ὑμῶν.</em>
480	12	11	12	11	a	<blu>a</blu> 10-11 Psalm 118:22,23
480	12	15	12	15	b	<blu>b</blu> 15 A denarius was customarily a day's wage for a laborer (see Matthew 20:2)
480	12	23	12	23	c	<blu>c</blu> 23 WH does not include <em>ὅταν ἀναστῶσιν</em>
480	12	26	12	26	d	<blu>d</blu> 26 Exodus 3:6
480	12	30	12	30	e	<blu>e</blu> 29-30 Deuteronomy 6:4,5
480	12	31	12	31	f	<blu>f</blu> 31 Leviticus 19:18
480	12	36	12	36	g	<blu>g</blu> 36 Psalm 110:1
480	12	42	12	42	h	<blu>h</blu> 42 Greek <em>two lepta</em>; a lepton was a Jewish copper coin worth about 1/128 of a denarius
480	13	14	13	14	a	<blu>a</blu> 14 Daniel 9:27; 11:31; 12:11. BYZ and TR include <em>τὸ ῥηθὲν ὑπὸ Δανιὴλ τοῦ προφήτου</em>
480	13	14	13	14	b	<blu>b</blu> 14 Or <em>he should</em>
480	13	25	13	25	c	<blu>c</blu> 24-25 Isaiah 13:10; 34:4
480	13	29	13	29	d	<blu>d</blu> 29 Or <em>it is near</em>
480	13	33	13	33	e	<blu>e</blu> 33 BYZ and TR include <em>καὶ προσεύχεσθε</em>
480	14	3	14	3	a	<blu>a</blu> 3 Leprosy was a term for several skin diseases. See Leviticus 13.
480	14	5	14	5	b	<blu>b</blu> 5 A denarius was customarily a day's wage for a laborer (see Matthew 20:2)
480	14	7	14	7	c	<blu>c</blu> 7 See Deuteronomy 15:11
480	14	24	14	24	d	<blu>d</blu> 24 BYZ and TR <em>καινῆς διαθήκης</em>
480	14	27	14	27	e	<blu>e</blu> 27 BYZ and TR include <em>ἐν ἐμοὶ ἐν τῇ νυκτὶ ταύτῃ</em>
480	14	27	14	27	f	<blu>f</blu> 27 Zechariah 13:7
480	14	68	14	68	g	<blu>g</blu> 68 NE and WH do not include <em>καὶ ἀλέκτωρ ἐφώνησεν</em>
480	14	70	14	70	h	<blu>h</blu> 70 BYZ and TR include <em>and your speech is similar</em>
480	15	27	15	27	a	<blu>a</blu> 27 BYZ and TR include <em>28 Καὶ ἐπληρώθη ἡ γραφὴ ἡ λέγουσα, Καὶ μετὰ ἀνόμων ἐλογίσθη.</em>
480	15	34	15	34	b	<blu>b</blu> 34 Psalm 22:1
480	15	39	15	39	c	<blu>c</blu> 39 BYZ and TR <em>κράξας ἐξέπνευσεν</em>
480	15	47	15	47	d	<blu>d</blu> 47 BYZ and TR <em>Ἰωσῆ</em>
480	16	8	16	8	a	<blu>a</blu> 8 Some manuscripts end the Gospel of Mark after verse 8 or 9.<PF0><PI0>
490	1	28	1	28	a	<blu>a</blu> 28 BYZ and TR include <em>εὐλογημένη σὺ ἐν γυναιξίν</em>
490	1	35	1	35	b	<blu>b</blu> 35 TR <em>γεννώμενον ἐκ σοῦ</em>
490	1	80	1	80	c	<blu>c</blu> 80 Or <em>in the Spirit</em>
490	2	2	2	2	a	<blu>a</blu> 2 Or <em>This was the census before</em>
490	2	23	2	23	b	<blu>b</blu> 23 Exodus 13:2,12
490	2	24	2	24	c	<blu>c</blu> 24 Leviticus 12:8
490	2	37	2	37	d	<blu>d</blu> 37 Or <em>was a widow for eighty-four years</em>
490	2	49	2	49	e	<blu>e</blu> 49 Or <em>be about my Father's business</em>
490	3	6	3	6	a	<blu>a</blu> 4-6 Isaiah 40:3-5
490	3	16	3	16	b	<blu>b</blu> 16 Or <em>in water</em>
490	3	16	3	16	c	<blu>c</blu> 16 Or <em>in the Holy Spirit and in fire</em>
490	3	32	3	32	d	<blu>d</blu> 32 BYZ and TR <em>Σαλμών</em>
490	3	33	3	33	e	<blu>e</blu> 33 BYZ and TR <em>Ἀράμ</em>
490	3	33	3	33	f	<blu>f</blu> 33 WH, BYZ, and TR do not include <em>τοῦ Ἀρνὶ</em>
490	4	4	4	4	a	<blu>a</blu> 4 Deuteronomy 8:3. BYZ and TR include <em>ἀλλ’ ἐπὶ παντὶ ῥήματι θεοῦ</em>
490	4	8	4	8	b	<blu>b</blu> 8 Deuteronomy 6:13
490	4	11	4	11	c	<blu>c</blu> 10-11 Psalm 91:11,12
490	4	12	4	12	d	<blu>d</blu> 12 Deuteronomy 6:16
490	4	18	4	18	e	<blu>e</blu> 18 BYZ and TR include <em>ἰάσασθαι τοὺς συντετριμμένους τὴν καρδίαν,</em>
490	4	19	4	19	f	<blu>f</blu> 18-19 Isaiah 61:1,2
490	4	27	4	27	g	<blu>g</blu> 27 Leprosy was a term for several skin diseases. See Leviticus 13.
490	4	44	4	44	h	<blu>h</blu> 44 BYZ and TR <em>Γαλιλαίας</em>
490	5	1	5	1	a	<blu>a</blu> 1 That is, the Sea of Galilee
490	5	12	5	12	b	<blu>b</blu> 12 Leprosy was a term for several skin diseases. See Leviticus 13.
490	6	1	6	1	a	<blu>a</blu> 1 BYZ and TR, <em>σαββάτῳ δευτεροπρώτῳ</em>
490	6	48	6	48	b	<blu>b</blu> 48 BYZ and TR <em>τεθεμελίωτο γὰρ ἐπὶ τὴν πέτραν</em>
490	7	22	7	22	a	<blu>a</blu> 22 Leprosy was a term for several skin diseases. See Leviticus 13.
490	7	27	7	27	b	<blu>b</blu> 27 Malachi 3:1
490	7	41	7	41	c	<blu>c</blu> 41 A denarius was customarily a day's wage for a laborer (see Matthew 20:2)
490	8	3	8	3	a	<blu>a</blu> 3 TR <em>αὐτῷ</em>
490	8	10	8	10	b	<blu>b</blu> 10 Isaiah 6:9
490	8	26	8	26	c	<blu>c</blu> 26 BYZ and TR <em>Γαδαρηνῶν</em>; also verse 37
490	8	43	8	43	d	<blu>d</blu> 43 NE and WH do not include <em>ἰατροῖς προσαναλώσασα ὅλον τὸν βίον</em>
490	8	45	8	45	e	<blu>e</blu> 45 BYZ and TR include <em>καὶ οἱ μετ’ αὐτοῦ</em>
490	9	35	9	35	a	<blu>a</blu> 35 BYZ and TR <em>Οὗτός ἐστιν ὁ υἱός μου ὁ ἀγαπητός</em>
490	9	54	9	54	b	<blu>b</blu> 54 BYZ and TR include <em>ὡς καὶ Ἠλίας ἐποίησεν</em>
490	9	55	9	55	c	<blu>c</blu> 55 BYZ and TR include <em>καὶ εἴπεν, Οὐκ οἴδατε οἵου πνεύματός ἐστε ὑμεῖς 56 ὁ γὰρ υἱὸς τοῦ ἀνθρώπου οὐκ ἦλθεν ψυχὰς ἀνθρώπων ἀπολέσαι, ἀλλὰ σῶσαι.</em>
490	10	1	10	1	a	<blu>a</blu> 1 NE, BYZ, and TR <em>ἑβδομήκοντα</em>; also in verse 17
490	10	7	10	7	b	<blu>b</blu> 7 Leviticus 19:13; Deuteronomy 24:14,15
490	10	27	10	27	c	<blu>c</blu> 27 Deuteronomy 6:5
490	10	27	10	27	d	<blu>d</blu> 27 Leviticus 19:18
490	10	35	10	35	e	<blu>e</blu> 35 A denarius was customarily a day's wage for a laborer (see Matthew 20:2)
490	11	2	11	2	a	<blu>a</blu> 2 BYZ and TR <em>Πάτερ ἡμῶν ὁ ἐν τοῖς οὐρανοῖς</em>
490	11	2	11	2	b	<blu>b</blu> 2 BYZ and TR include <em>Γενηθήτω τὸ θέλημά σου, ὡς ἐν οὐρανῷ, καὶ ἐπὶ τῆς γῆς.</em>
490	11	4	11	4	c	<blu>c</blu> 4 BYZ and TR include <em>ἀλλὰ ῥῦσαι ἡμᾶς ἀπὸ τοῦ πονηροῦ</em>
490	11	11	11	11	d	<blu>d</blu> 11 BYZ and TR include <em>ἄρτον, μὴ λίθον ἐπιδώσει αὐτῷ</em>
490	12	6	12	6	a	<blu>a</blu> 6 Greek <em>two assaria</em>; an assarion was a Roman copper coin worth about 1/16 of a denarius
490	12	25	12	25	b	<blu>b</blu> 25 Or <em>a single cubit to his height</em>; a cubit was about 18 inches or 45 centimeters
490	12	27	12	27	c	<blu>c</blu> 27 NE and Tischendorf <em>οὔτε νήθει οὔτε ὑφαίνει</em>
490	12	31	12	31	d	<blu>d</blu> 31 BYZ and TR <em>τοῦ θεοῦ</em>
490	12	39	12	39	e	<blu>e</blu> 39 BYZ and TR include <em>ἐγρηγόρησεν ἄν, καὶ</em>
490	12	59	12	59	f	<blu>f</blu> 59 Greek <em>lepton</em>, a Jewish bronze or copper coin worth about 1/128 of a denarius
490	13	35	13	35	a	<blu>a</blu> 35 Psalm 118:26
490	14	5	14	5	a	<blu>a</blu> 5 TR <em>ὄνος </em>
490	15	8	15	8	a	<blu>a</blu> 8 Greek <em>ten drachmas</em>, each worth about a day's wages
490	16	6	16	6	a	<blu>a</blu> 6 Greek, <em>A hundred baths</em>, about 875 gallons or 3,200 liters
490	16	7	16	7	b	<blu>b</blu> 7 Greek, <em>A hundred cors</em>, approximately 1,100 bushels or 40,000 liters
490	17	12	17	12	a	<blu>a</blu> 12 Leprosy was a term for several skin diseases. See Leviticus 13.
490	17	19	17	19	b	<blu>b</blu> 19 Or <em>has saved you</em>
490	17	21	17	21	c	<blu>c</blu> 21 Or <em>within you</em>, or <em>within your grasp</em>
490	17	35	17	35	d	<blu>d</blu> 35 See Matthew 24:40. TR includes <em>36 δύο ἔσονται ἐν τῷ ἀγρῷ· ὁ εἴς παραληφθήσεται, καὶ ὁ ἕτερος ἀφεθήσεται.</em>
490	18	20	18	20	a	<blu>a</blu> 20 Exodus 20:12-16; Deuteronomy 5:16-20
490	19	13	19	13	a	<blu>a</blu> 13 A mina was worth about three months' wages for a laborer
490	19	38	19	38	b	<blu>b</blu> 38 Psalm 118:26
490	19	46	19	46	c	<blu>c</blu> 46 Isaiah 56:7
490	19	46	19	46	d	<blu>d</blu> 46 Jeremiah 7:11
490	20	17	20	17	a	<blu>a</blu> 17 Psalm 118:22
490	20	24	20	24	b	<blu>b</blu> 24 A denarius was customarily a day's wage for a laborer (see Matthew 20:2)
490	20	30	20	30	c	<blu>c</blu> 30 BYZ and TR include <em>καὶ ἔλαβεν ὁ δεύτερος τὴν γυναῖκα, καὶ οὗτος ἀπέθανεν ἄτεκνος</em>
490	20	37	20	37	d	<blu>d</blu> 37 Exodus 3:6
490	20	43	20	43	e	<blu>e</blu> 42-43 Psalm 110:1
490	21	2	21	2	a	<blu>a</blu> 2 Greek <em>two lepta</em>; a lepton was a Jewish copper coin worth about 1/128 of a denarius
490	22	20	22	20	a	<blu>a</blu> 19-20 Some manuscripts end verse 19 after <em>Τοῦτό ἐστιν τὸ σῶμά μου</em> and do not include verse 20
490	22	37	22	37	b	<blu>b</blu> 37 Isaiah 53:12
490	22	44	22	44	c	<blu>c</blu> 43-44 Some manuscripts do not include verses 43 and 44
490	22	64	22	64	d	<blu>d</blu> 64 BYZ and TR include <em>ἔτυπτον αὐτοῦ τὸ πρόσωπον, καὶ</em>
490	23	16	23	16	a	<blu>a</blu> 16 See Matthew 27:15 and Mark 15:6. BYZ and TR include <em>17 Ἀνάγκην δὲ εἴχεν ἀπολύειν αὐτοῖς κατὰ ἑορτὴν ἕνα.</em>
490	23	23	23	23	b	<blu>b</blu> 23 BYZ and TR include <em>καὶ τῶν ἀρχιερέων</em>
490	23	30	23	30	c	<blu>c</blu> 30 Hosea 10:8
490	23	34	23	34	d	<blu>d</blu> 34 Some manuscripts do not include <em>ὁ δὲ Ἰησοῦς ἔλεγεν Πάτερ, ἄφες αὐτοῖς· οὐ γὰρ οἴδασιν τί ποιοῦσιν.</em>
490	23	38	23	38	e	<blu>e</blu> 38 BYZ and TR include <em>γράμμασιν Ἑλληνικοῖς καὶ Ῥωμαϊκοῖς καὶ Ἑβραϊκοῖς</em>
490	23	46	23	46	f	<blu>f</blu> 46 Psalm 31:5
490	24	13	24	13	a	<blu>a</blu> 13 Greek <em>sixty stadia</em>, about 11 kilometers
490	24	42	24	42	b	<blu>b</blu> 42 BYZ and TR include <em>καὶ ἀπὸ μελισσίου κηρίου</em><PF0><PI0>
500	1	5	1	5	a	<blu>a</blu> 5 Or <em>comprehended</em>
500	1	18	1	18	b	<blu>b</blu> 18 BYZ and TR <em>πώποτε· ὁ μονογενὴς υἱός</em>
500	1	23	1	23	c	<blu>c</blu> 23 Isaiah 40:3
500	1	26	1	26	d	<blu>d</blu> 26 Or <em>in</em>; also in verses 31 and 33
500	1	34	1	34	e	<blu>e</blu> 34 SBL <em>ἐκλεκτὸς</em>
500	1	51	1	51	f	<blu>f</blu> 51 See Genesis 28:12
500	2	6	2	6	a	<blu>a</blu> 6 Greek <em>two or three metretae</em>, or <em>from 75 to 115 liters</em>
500	2	17	2	17	b	<blu>b</blu> 17 Psalm 69:9
500	3	3	3	3	a	<blu>a</blu> 3 Or <em>born from above</em>; also in verse 7.
500	3	13	3	13	b	<blu>b</blu> 13 BYZ and TR include <em>ὁ ὢν ἐν τῷ οὐρανῷ</em>
500	3	21	3	21	c	<blu>c</blu> 21 Some interpreters close the quotation after verse 15.
500	3	36	3	36	d	<blu>d</blu> 36 Some interpreters close the quotation after verse 30.
500	5	3	5	3	a	<blu>a</blu> 3 NE, BYZ, and TR include <em>ἐκδεχομένων τὴν τοῦ ὕδατος κίνησιν. 4 ἄγγελος γὰρ κατὰ καιρὸν κατέβαινεν ἐν τῇ κολυμβήθρᾳ καὶ ἐτάρασσε τὸ ὕδωρ· ὁ οὖν πρῶτος ἐμβὰς μετὰ τὴν ταραχὴν τοῦ ὕδατος ὑγιὴς ἐγίνετο, ᾧ δήποτε κατείχετο νοσήματι.</em>
500	6	7	6	7	a	<blu>a</blu> 7 A denarius was customarily a day's wage for a laborer (see Matthew 20:2)
500	6	19	6	19	b	<blu>b</blu> 19 Greek <em>twenty-five or thirty stadia</em>, approximately 4.5 to 5.5 kilometers
500	6	31	6	31	c	<blu>c</blu> 31 Exodus 16:4
500	6	45	6	45	d	<blu>d</blu> 45 Isaiah 54:13
500	7	8	7	8	a	<blu>a</blu> 8 NE, WH, BYZ, and TR <em>οὔπω</em>
500	7	52	7	52	b	<blu>b</blu> 52 Some early manuscripts do not include John 7:53 - 8:11
500	8	9	8	9	a	<blu>a</blu> 9 NE, BYZ, and TR include <em>καὶ ὑπὸ τῆς συνειδήσεως ἐλεγχόμενοι</em>
500	8	10	8	10	b	<blu>b</blu> 10 NE, BYZ, and TR include <em>καὶ μηδένα θεασάμενος πλὴν τὴς γυναικὸς</em>
500	8	10	8	10	c	<blu>c</blu> 10 WH and NA do not include<em>ἐκεῖνοι οἱ κατήγοροί σου</em>
500	8	54	8	54	d	<blu>d</blu> 54 WH and TR <em>ὑμῶν</em>
500	8	59	8	59	e	<blu>e</blu> 59 BYZ and TR include <em>διελθὼν διὰ μέσου αὐτῶν· καὶ παρῆγεν οὕτως.</em>
500	9	35	9	35	a	<blu>a</blu> 35 BYZ and TR <em>τὸν υἱὸν τοῦ Θεοῦ</em>
500	9	39	9	39	b	<blu>b</blu> 38-39 Some manuscripts do not include <em>38 ὁ δὲ ἔφη Πιστεύω, Κύριε . . . 39 καὶ εἶπεν ὁ Ἰησοῦς</em>
500	10	22	10	22	a	<blu>a</blu> 22 That is, Hanukkah, also called the Feast of Lights
500	10	34	10	34	b	<blu>b</blu> 34 Psalm 82:6
500	11	18	11	18	a	<blu>a</blu> 18 Greek <em>fifteen stadia</em>; about 1.7 miles or 2.75 kilometers.
500	11	33	11	33	b	<blu>b</blu> 33 Or <em>He was angry in His spirit</em>; also in verse 38
500	12	3	12	3	a	<blu>a</blu> 3 Greek <em>litra</em>, or about a half liter
500	12	5	12	5	b	<blu>b</blu> 5 A denarius was customarily a day's wage for a laborer (see Matthew 20:2)
500	12	8	12	8	c	<blu>c</blu> 8 See Deuteronomy 15:11
500	12	13	12	13	d	<blu>d</blu> 13 Psalm 118:25
500	12	13	12	13	e	<blu>e</blu> 13 Psalm 118:26
500	12	13	12	13	f	<blu>f</blu> 13 Zephaniah 3:15
500	12	15	12	15	g	<blu>g</blu> 15 Zechariah 9:9
500	12	38	12	38	h	<blu>h</blu> 38 Isaiah 53:1
500	12	40	12	40	i	<blu>i</blu> 40 Isaiah 6:10
500	13	18	13	18	a	<blu>a</blu> 18 Psalm 41:9
500	14	1	14	1	a	<blu>a</blu> 1 Or <em>Believe in God</em>
500	14	4	14	4	b	<blu>b</blu> 4 BYZ and TR <em>Καὶ ὅπου ἐγὼ ὑπάγω οἴδατε, καὶ τὴν ὁδὸν οἴδατε.</em>
500	14	14	14	14	c	<blu>c</blu> 14 TR does not include <em>με</em>
500	14	17	14	17	d	<blu>d</blu> 17 WH <em>ἐστίν</em>
500	15	25	15	25	a	<blu>a</blu> 25 Psalms 35:19; 69:4
500	16	16	16	16	a	<blu>a</blu> 16 BYZ includes <em>ὅτι ὑπάγω πρὸς τὸν πατέρα</em>; TR is similar
500	16	27	16	27	b	<blu>b</blu> 27 WH <em>τοῦ πατρὸς</em>
500	17	15	17	15	a	<blu>a</blu> 15 Or <em>from evil</em>
500	19	24	19	24	a	<blu>a</blu> 24 Psalm 22:18
500	19	36	19	36	b	<blu>b</blu> 36 Exodus 12:46; Numbers 9:12; Psalm 34:20
500	19	37	19	37	c	<blu>c</blu> 37 Zechariah 12:10
500	19	39	19	39	d	<blu>d</blu> 39 Greek <em>one hundred litras</em> (Roman pounds), approximately 34 kilograms
500	21	8	21	8	a	<blu>a</blu> 8 Greek <em>two hundred cubits</em>, or about 90 meters<PF0><PI0>
510	1	4	1	4	a	<blu>a</blu> 4 Or <em>eating together</em>
510	1	5	1	5	b	<blu>b</blu> 5 Or <em>in</em>
510	1	12	1	12	c	<blu>c</blu> 12 That is, approximately 5/8 mile or about 1 kilometer
510	1	20	1	20	d	<blu>d</blu> 20 Psalm 69:25
510	1	20	1	20	e	<blu>e</blu> 20 Psalm 109:8
510	2	9	2	9	a	<blu>a</blu> 9 That is, the Roman Province of Asia
510	2	21	2	21	b	<blu>b</blu> 17-21 Joel 2:28-32
510	2	28	2	28	c	<blu>c</blu> 25-28 Psalm 16:8-11
510	2	35	2	35	d	<blu>d</blu> 34-35 Psalm 110:1
510	2	43	2	43	e	<blu>e</blu> 43 Or <em>fear</em>
510	3	6	3	6	a	<blu>a</blu> 6 SBL, NE, and WH <em>ἐν τῷ ὀνόματι Ἰησοῦ Χριστοῦ τοῦ Ναζωραίου περιπάτει</em>
510	3	13	3	13	b	<blu>b</blu> 13 Or <em>child</em>; also in verse 26
510	3	23	3	23	c	<blu>c</blu> 23 Deuteronomy 18:15,18,19
510	3	25	3	25	d	<blu>d</blu> 25 Genesis 22:18
510	4	11	4	11	a	<blu>a</blu> 11 Psalm 118:22
510	4	25	4	25	b	<blu>b</blu> 25 Or <em>child</em>; also verses 27 and 30
510	4	26	4	26	c	<blu>c</blu> 25-26 Psalm 2:1,2
510	7	3	7	3	a	<blu>a</blu> 3 Genesis 12:1
510	7	7	7	7	b	<blu>b</blu> 5-7 Genesis 15:13,14
510	7	20	7	20	c	<blu>c</blu> 20 Or <em>he was of great status in God's eyes</em>
510	7	28	7	28	d	<blu>d</blu> 28 Exodus 2:14
510	7	32	7	32	e	<blu>e</blu> 32 Exodus 3:6
510	7	34	7	34	f	<blu>f</blu> 31-34 Exodus 3:5-10
510	7	37	7	37	g	<blu>g</blu> 37 Deuteronomy 18:15
510	7	40	7	40	h	<blu>h</blu> 40 Exodus 32:1
510	7	43	7	43	i	<blu>i</blu> 42-43 Amos 5:25-27
510	7	46	7	46	j	<blu>j</blu> 46 NE, NA, and Tischendorf <em>τῷ οἴκῳ Ἰακώβ</em>
510	7	50	7	50	k	<blu>k</blu> 49-50 Isaiah 66:1,2
510	8	33	8	33	a	<blu>a</blu> 32-33 Isaiah 53:7,8
510	8	36	8	36	b	<blu>b</blu> 36 TR includes <em>37 εἰπε δὲ ὁ Φίλιππος, Εἰ πιστεύεις ἐξ ὅλης τὴς καρδίας, ἔξεστιν. ἀποκριθεὶς δὲ εἷπε, Πιστεύω τὸν ὑιὸν τοῦ Θεοῦ ἐιναι τὸν Ἰησοῦν Χριστόν.</em>
510	9	5	9	5	a	<blu>a</blu> 5 TR includes <em>σκληρόν σοι πρὸς κέντρα λακτίζειν</em>
510	10	6	10	6	a	<blu>a</blu> 6 TR includes <em>οὗτος λαλήσει σοι τί σε δεῖ ποιεῖν</em>
510	10	19	10	19	b	<blu>b</blu> 19 NE and WH <em>Ἰδοὺ ἄνδρες δύο ζητοῦντές σε</em>; SBL, BYZ and Tischendorf <em>Ἰδοὺ ἄνδρες ζητοῦντές σε</em>
510	10	21	10	21	c	<blu>c</blu> 21 TR <em>ἄνδρας τοῦς ἀπεσταλμένους ἀπὸ τοῦ Κορνηλίου πρὸς αὑτόν</em>
510	11	16	11	16	a	<blu>a</blu> 16 Or <em>in water</em>
510	12	25	12	25	a	<blu>a</blu> 25 NE and TR <em>ἐξ</em>
510	13	33	13	33	a	<blu>a</blu> 33 Psalm 2:7
510	13	34	13	34	b	<blu>b</blu> 34 Isaiah 55:3
510	13	35	13	35	c	<blu>c</blu> 35 Psalm 16:10
510	13	41	13	41	d	<blu>d</blu> 41 Habakkuk 1:5
510	13	47	13	47	e	<blu>e</blu> 47 Isaiah 49:6
510	15	14	15	14	a	<blu>a</blu> 14 Greek <em>Simeon</em>, a variant of Simon
510	15	18	15	18	b	<blu>b</blu> 16-18 Amos 9:11,12. BYZ and TR <em>έγει κύριος ὁ ποιῶν ταῦτα πάντα 18 Γνωστὰ ἀπ’ αἰῶνός ἐστιν τῷ θεῷ πάντα τὰ ἔργα αὐτοῦ.</em>
510	15	24	15	24	c	<blu>c</blu> 24 BYZ and TR include <em>λέγοντες περιτέμνεσθαι καὶ τηρεῖν τὸν νόμον</em>
510	15	33	15	33	d	<blu>d</blu> 33 TR includes <em>34 ἔδοξε δὲ τῷ Σίλᾳ ἐπιμεῖναι αὐτοῦ.</em>
510	16	16	16	16	a	<blu>a</blu> 16 Greek <em>Python</em>, a spirit of divination named after the mythical serpent slain by Apollo
510	17	28	17	28	a	<blu>a</blu> 28 Probably a quote from the Cretan philosopher Epimenides
510	17	28	17	28	b	<blu>b</blu> 28 Probably from the poem 'Phainomena' by the Cilician philosopher Aratus
510	18	21	18	21	a	<blu>a</blu> 21 BYZ and TR include <em>Δεῖ με πάντως τὴν ἑορτὴν τὴν ἐρχομένην ποιῆσαι εἰς Ἱεροσόλυμα· πάλιν δὲ</em>
510	19	1	19	1	a	<blu>a</blu> 1 Or <em>highland</em>
510	19	19	19	19	b	<blu>b</blu> 19 Or <em>fifty thousand drachmas.</em> A drachma was a silver coin worth about one day's wages.
510	20	15	20	15	a	<blu>a</blu> 15 BYZ and TR include <em>καὶ μείναντες ἐν Tρωγυλλίῳ</em>
510	20	21	20	21	b	<blu>b</blu> 21 TR <em>τὸν Κύριον ἡμῶν Ἰησοῦν Χριστόν</em>
510	20	28	20	28	c	<blu>c</blu> 28 BYZ and Tischendorf <em>τοῦ κυρίου</em>
510	20	28	20	28	d	<blu>d</blu> 28 Or <em>with the blood of his own Son.</em>
510	21	40	21	40	a	<blu>a</blu> 40 Or <em>Aramaic</em>
510	22	2	22	2	a	<blu>a</blu> 2 Or <em>Aramaic</em>
510	23	5	23	5	a	<blu>a</blu> 5 Exodus 22:28
510	24	6	24	6	a	<blu>a</blu> 6 BYZ and TR include <em>καὶ κατὰ τὸν ἡμέτερον νόμον ἠθελήσαμεν κρῖναι. 7 Παρελθὼν δὲ Λυσίας ὁ χιλίαρχος μετὰ πολλῆς βίας ἐκ τῶν χειρῶν ἠμῶν ἀπήγαγεν, 8 κελεύσας τοὺς κατηγόρους αὐτοῦ ἔρχεσθαι ἐπὶ σέ</em>
510	26	14	26	14	a	<blu>a</blu> 14 Or <em>Aramaic</em>
510	27	9	27	9	a	<blu>a</blu> 9 That is, Yom Kippur, the Day of Atonement
510	27	16	27	16	b	<blu>b</blu> 16 NE, BYZ, and TR <em>Κλαῦδα</em>
510	27	17	27	17	c	<blu>c</blu> 17 Or <em>the sails</em>
510	27	27	27	27	d	<blu>d</blu> 27 The Adriatic Sea referred to an area also extending well south of Italy.
510	27	28	27	28	e	<blu>e</blu> 28 About 120 feet or 37 meters
510	27	28	27	28	f	<blu>f</blu> 28 About 90 feet or 27 meters
510	27	37	27	37	g	<blu>g</blu> 37 WH <em>πλοίῳ ὡς ἑβδομήκοντα ἕξ</em>
510	28	4	28	4	a	<blu>a</blu> 4 Greek <em>Dike</em>, that is, the Greek goddess of justice
510	28	11	28	11	b	<blu>b</blu> 11 Greek <em>Dioscuri</em>, that is, the Greek gods Castor and Pollux
510	28	16	28	16	c	<blu>c</blu> 16 BYZ and TR include <em>ὁ ἑκατόνταρχος παρέδωκεν τοὺς δεσμίους τῷ στρατοπεδάρχῃ· τῷ δὲ</em>
510	28	27	28	27	d	<blu>d</blu> 26-27 Isaiah 6:9,10
510	28	28	28	28	e	<blu>e</blu> 28 BYZ and TR include <em>29 Καὶ ταῦτα αὐτοῦ εἰπόντος, ἀπῆλθον οἱ Ἰουδαῖοι, πολλὴν ἔχοντες ἐν ἑαυτοῖς συζήτησιν.</em><PF0><PI0>
520	1	17	1	17	a	<blu>a</blu> 17 Habakkuk 2:4
520	2	6	2	6	a	<blu>a</blu> 6 Psalm 62:12
520	2	24	2	24	b	<blu>b</blu> 24 Isaiah 52:5
520	3	4	3	4	a	<blu>a</blu> 4 Psalm 51:4
520	3	12	3	12	b	<blu>b</blu> 10-12 Psalms 14:1-3; 53:1-3
520	3	13	3	13	c	<blu>c</blu> 13 Psalm 5:9
520	3	13	3	13	d	<blu>d</blu> 13 Psalm 140:3
520	3	14	3	14	e	<blu>e</blu> 14 Psalm 10:7
520	3	17	3	17	f	<blu>f</blu> 15-17 Isaiah 59:7,8
520	3	18	3	18	g	<blu>g</blu> 18 Psalm 36:1
520	4	3	4	3	a	<blu>a</blu> 3 Genesis 15:6
520	4	8	4	8	b	<blu>b</blu> 7-8 Psalm 32:1,2
520	4	17	4	17	c	<blu>c</blu> 17 Genesis 17:5
520	4	18	4	18	d	<blu>d</blu> 18 Genesis 15:5
520	4	22	4	22	e	<blu>e</blu> 22 Genesis 15:6
520	5	1	5	1	a	<blu>a</blu> 1 WH and NE <em>ἔχωμεν</em>
520	7	7	7	7	a	<blu>a</blu> 7 Exodus 20:17; Deuteronomy 5:21
520	8	1	8	1	a	<blu>a</blu> 1 BYZ and TR include <em>μὴ κατὰ σάρκα περιπατοῦσιν, ἀλλὰ κατὰ πνεῦμα.</em>
520	8	2	8	2	b	<blu>b</blu> 2 BYZ and TR <em>ἠλευθέρωσέν με</em>
520	8	11	8	11	c	<blu>c</blu> 11 NA, BYZ, and TR <em>Χριστὸν</em>
520	8	36	8	36	d	<blu>d</blu> 36 Psalm 44:22
520	9	7	9	7	a	<blu>a</blu> 7 Genesis 21:12
520	9	9	9	9	b	<blu>b</blu> 9 Genesis 18:10,14
520	9	12	9	12	c	<blu>c</blu> 12 Genesis 25:23
520	9	13	9	13	d	<blu>d</blu> 13 Malachi 1:2,3
520	9	15	9	15	e	<blu>e</blu> 15 Exodus 33:19
520	9	17	9	17	f	<blu>f</blu> 17 Exodus 9:16
520	9	20	9	20	g	<blu>g</blu> 20 Isaiah 29:16; 45:9; Jeremiah 18:6
520	9	25	9	25	h	<blu>h</blu> 25 Hosea 2:23
520	9	26	9	26	i	<blu>i</blu> 26 Hosea 1:10
520	9	28	9	28	j	<blu>j</blu> 27-28 Isaiah 10:22,23
520	9	29	9	29	k	<blu>k</blu> 29 Isaiah 1:9
520	9	33	9	33	l	<blu>l</blu> 33 Isaiah 8:14; 28:16
520	10	5	10	5	a	<blu>a</blu> 5 Leviticus 18:5
520	10	6	10	6	b	<blu>b</blu> 6 Deuteronomy 30:12
520	10	7	10	7	c	<blu>c</blu> 7 Deuteronomy 30:13
520	10	8	10	8	d	<blu>d</blu> 8 Deuteronomy 30:14
520	10	11	10	11	e	<blu>e</blu> 11 Isaiah 28:16
520	10	13	10	13	f	<blu>f</blu> 13 Joel 2:32
520	10	15	10	15	g	<blu>g</blu> 15 BYZ and TR include <em>εὐαγγελιζομένων εἰρήνην, τῶν</em>
520	10	15	10	15	h	<blu>h</blu> 15 Isaiah 52:7
520	10	16	10	16	i	<blu>i</blu> 16 Isaiah 53:1
520	10	18	10	18	j	<blu>j</blu> 18 Psalm 19:4
520	10	19	10	19	k	<blu>k</blu> 19 Deuteronomy 32:21
520	10	20	10	20	l	<blu>l</blu> 20 Isaiah 65:1
520	10	21	10	21	m	<blu>m</blu> 21 Isaiah 65:2
520	11	3	11	3	a	<blu>a</blu> 3 1 Kings 19:10,14
520	11	4	11	4	b	<blu>b</blu> 4 1 Kings 19:18
520	11	6	11	6	c	<blu>c</blu> 6 BYZ and TR include <em>Εἰ δὲ ἐξ ἔργων, οὐκέτι ἐστὶν χάρις· ἐπεὶ τὸ ἔργον οὐκέτι ἐστὶν ἔργον.</em>
520	11	8	11	8	d	<blu>d</blu> 8 Isaiah 29:10; Deuteronomy 29:4
520	11	10	11	10	e	<blu>e</blu> 9-10 Psalm 69:22,23
520	11	27	11	27	f	<blu>f</blu> 26-27 Isaiah 59:20,21; 27:9
520	11	34	11	34	g	<blu>g</blu> 34 Isaiah 40:13
520	11	35	11	35	h	<blu>h</blu> 35 Job 41:11
520	12	19	12	19	a	<blu>a</blu> 19 Deuteronomy 32:35
520	12	20	12	20	b	<blu>b</blu> 20 Proverbs 25:21,22
520	13	9	13	9	a	<blu>a</blu> 9 Exodus 20:13-17; Deuteronomy 5:17-21
520	13	9	13	9	b	<blu>b</blu> 9 Leviticus 19:18
520	14	6	14	6	a	<blu>a</blu> 6 BYZ and TR include <em>καὶ ὁ μὴ φρονῶν τὴν ἡμέραν, κυρίῳ οὐ φρονεῖ</em>
520	14	11	14	11	b	<blu>b</blu> 11 Or <em>will give praise</em>
520	14	11	14	11	c	<blu>c</blu> 11 Isaiah 45:23
520	14	21	14	21	d	<blu>d</blu> 21 SBL, BYZ and TR include <em>ἢ σκανδαλίζεται ἢ ἀσθενεῖ</em>
520	14	23	14	23	e	<blu>e</blu> 23 Some manuscripts place Romans 16:25-27 here, or after Romans 15:33.
520	15	3	15	3	a	<blu>a</blu> 3 Psalm 69:9
520	15	9	15	9	b	<blu>b</blu> 9 2 Samuel 22:50; Psalm 18:49
520	15	10	15	10	c	<blu>c</blu> 10 Deuteronomy 32:43
520	15	11	15	11	d	<blu>d</blu> 11 Psalm 117:1
520	15	12	15	12	e	<blu>e</blu> 12 Isaiah 11:10
520	15	21	15	21	f	<blu>f</blu> 21 Isaiah 52:15
520	15	29	15	29	g	<blu>g</blu> 29 TR and BYZ include <em>τοῦ εὐαγγελίου τοῦ</em>
520	16	1	16	1	a	<blu>a</blu> 1 Or <em>deaconess</em>
520	16	3	16	3	b	<blu>b</blu> 3 Or <em>Priscilla</em>
520	16	23	16	23	c	<blu>c</blu> 23 SBL, BYZ, and TR include <em>24 Ἡ χάρις τοῦ κυρίου ἡμῶν Ἰησοῦ Χριστοῦ μετὰ πάντων ὑμῶν. Ἀμήν.</em><PF0><PI0>
530	1	12	1	12	a	<blu>a</blu> 12 That is, Peter
530	1	19	1	19	b	<blu>b</blu> 19 Isaiah 29:14
530	1	31	1	31	c	<blu>c</blu> 31 Jeremiah 9:24
530	2	9	2	9	a	<blu>a</blu> 9 Isaiah 64:4
530	2	16	2	16	b	<blu>b</blu> 16 Isaiah 40:13
530	3	19	3	19	a	<blu>a</blu> 19 Job 5:13
530	3	20	3	20	b	<blu>b</blu> 20 Psalm 94:11
530	3	22	3	22	c	<blu>c</blu> 22 That is, Peter
530	4	17	4	17	a	<blu>a</blu> 17 BYZ and TR <em>ὁδούς μου τὰς ἐν χριστῷ,</em>
530	5	5	5	5	a	<blu>a</blu> 5 BYZ and TR <em>τοῦ κυρίου Ἰησοῦ</em>
530	5	13	5	13	b	<blu>b</blu> 13 Deuteronomy 17:7
530	6	16	6	16	a	<blu>a</blu> 16 Genesis 2:24
530	6	20	6	20	b	<blu>b</blu> 20 BYZ and TR include <em>καὶ ἐν τῷ πνεύματι ὑμῶν, ἅτινά ἐστιν τοῦ θεοῦ</em>
530	7	15	7	15	a	<blu>a</blu> 15 SBL, BYZ, and TR <em>ἡμᾶς</em>
530	7	26	7	26	b	<blu>b</blu> 26 Or <em>impending</em>
530	9	5	9	5	a	<blu>a</blu> 5 That is, Peter
530	9	9	9	9	b	<blu>b</blu> 9 Deuteronomy 25:4
530	10	7	10	7	a	<blu>a</blu> 7 Exodus 32:6
530	10	9	10	9	b	<blu>b</blu> 9 WH, NE, and Tischendorf <em>τὸν κύριον</em>
530	10	26	10	26	c	<blu>c</blu> 26 Psalm 24:1
530	10	28	10	28	d	<blu>d</blu> 28 BYZ and TR <em>καὶ τὴν συνείδησιν· Tοῦ γὰρ κυρίου ἡ γῆ καὶ τὸ πλήρωμα αὐτῆς</em>
530	11	24	11	24	a	<blu>a</blu> 24 BYZ and TR <em>τὸ ὑπὲρ ὑμῶν κλώμενον</em>
530	13	3	13	3	a	<blu>a</blu> 3 SBL, NE, BYZ, and TR <em>καυθήσομαι</em>
530	14	21	14	21	a	<blu>a</blu> 21 Isaiah 28:11,12
530	14	38	14	38	b	<blu>b</blu> 38 BYZ and TR <em>ἀγνοείτω</em>
530	15	5	15	5	a	<blu>a</blu> 5 That is, Peter
530	15	27	15	27	b	<blu>b</blu> 27 Psalm 8:6
530	15	32	15	32	c	<blu>c</blu> 32 Isaiah 22:13
530	15	33	15	33	d	<blu>d</blu> 33 Probably a quote from the Greek comedy 'Thais' by Menander
530	15	45	15	45	e	<blu>e</blu> 45 Genesis 2:7
530	15	54	15	54	f	<blu>f</blu> 54 Isaiah 25:8
530	15	55	15	55	g	<blu>g</blu> 55 Hosea 13:14
530	16	19	16	19	a	<blu>a</blu> 19 Or <em>Priscilla</em>
530	16	22	16	22	b	<blu>b</blu> 22 Greek <em>Maranatha</em> (a transliteration of Aramaic)
530	16	24	16	24	c	<blu>c</blu> 24 SBL, WH, and NA do not include <em>Ἀμήν</em><PF0><PI0>
540	1	19	1	19	a	<blu>a</blu> 19 That is, Silas
540	4	6	4	6	a	<blu>a</blu> 6 Genesis 1:3
540	4	6	4	6	b	<blu>b</blu> 6 SBL, NE, and WH <em>προσώπῳ Χριστοῦ</em>
540	4	13	4	13	c	<blu>c</blu> 13 Psalm 116:10
540	5	17	5	17	a	<blu>a</blu> 17 Or <em>creature</em>
540	5	21	5	21	b	<blu>b</blu> 21 Or <em>be a sin offering</em>
540	6	2	6	2	a	<blu>a</blu> 2 Isaiah 49:8
540	6	16	6	16	b	<blu>b</blu> 16 Leviticus 26:12; Ezekiel 37:27
540	6	17	6	17	c	<blu>c</blu> 17 Isaiah 52:11; Ezekiel 20:34
540	8	15	8	15	a	<blu>a</blu> 15 Exodus 16:18
540	9	9	9	9	a	<blu>a</blu> 9 Psalm 112:9
540	10	17	10	17	a	<blu>a</blu> 17 Jeremiah 9:24
540	13	1	13	1	a	<blu>a</blu> 1 Deuteronomy 19:15
540	13	11	13	11	b	<blu>b</blu> 11 Or <em>listen to my appeal</em>
540	13	14	13	14	c	<blu>c</blu> 14 Texts vary in verse numbering for the last three verses of 2 Corinthians 13. BYZ ends with <em>Ἀμήν</em>.<PF0><PI0>
550	1	18	1	18	a	<blu>a</blu> 18 That is, Peter
550	2	7	2	7	a	<blu>a</blu> 7 Literal, <em>the uncircumcision</em>
550	2	7	2	7	b	<blu>b</blu> 7 Literal, <em>the circumcision</em>; also in verses 8 and 9
550	2	9	2	9	c	<blu>c</blu> 9 That is, Peter; also in verses 11 and 14
550	2	21	2	21	d	<blu>d</blu> 21 Some interpreters close the quotation after verse 14 or 16.
550	3	6	3	6	a	<blu>a</blu> 6 Genesis 15:6
550	3	8	3	8	b	<blu>b</blu> 8 Genesis 12:3; 18:18; 22:18
550	3	10	3	10	c	<blu>c</blu> 10 Deuteronomy 27:26
550	3	11	3	11	d	<blu>d</blu> 11 Habakkuk 2:4
550	3	12	3	12	e	<blu>e</blu> 12 Leviticus 18:5
550	3	13	3	13	f	<blu>f</blu> 13 Deuteronomy 21:23
550	3	16	3	16	g	<blu>g</blu> 16 Genesis 12:7; 13:15
550	4	3	4	3	a	<blu>a</blu> 3 Or <em>forces; also in verse 9</em>
550	4	27	4	27	b	<blu>b</blu> 27 Isaiah 54:1
550	4	28	4	28	c	<blu>c</blu> 28 WH, BYZ, and TR <em>ἡμεῖς</em>
550	4	30	4	30	d	<blu>d</blu> 30 Genesis 21:10
550	5	14	5	14	a	<blu>a</blu> 14 Leviticus 19:18
550	6	14	6	14	a	<blu>a</blu> 14 Or <em>through whom</em><PF0><PI0>
560	1	1	1	1	a	<blu>a</blu> 1 Some manuscripts do not include <em>ἐν Ἐφέσῳ</em>
560	3	14	3	14	a	<blu>a</blu> 14 BYZ and TR include <em>τοῦ κυρίου ἡμῶν Ἰησοῦ χριστοῦ</em>
560	4	8	4	8	a	<blu>a</blu> 8 Or <em>He says </em>
560	4	8	4	8	b	<blu>b</blu> 8 Psalm 68:18
560	4	26	4	26	c	<blu>c</blu> 26 Psalm 4:4
560	5	30	5	30	a	<blu>a</blu> 30 BYZ and TR include <em>ἐκ τῆς σαρκὸς αὐτοῦ καὶ ἐκ τῶν ὀστέων αὐτοῦ</em>
560	5	31	5	31	b	<blu>b</blu> 31 Genesis 2:24
560	6	3	6	3	a	<blu>a</blu> 2-3 Deuteronomy 5:16<PF0><PI0>
570	1	13	1	13	a	<blu>a</blu> 13 Or <em>palace</em>
570	1	14	1	14	b	<blu>b</blu> 14 NE and WH <em>λόγον τοῦ Θεοῦ</em>
570	2	15	2	15	a	<blu>a</blu> 15 Deuteronomy 32:5
570	4	23	4	23	a	<blu>a</blu> 23 BYZ and TR include <em>Ἀμήν.</em><PF0><PI0>
580	1	2	1	2	a	<blu>a</blu> 2 BYZ and TR <em>θεοῦ πατρὸς ἡμῶν καὶ κυρίου Ἰησοῦ χριστοῦ</em>
580	1	7	1	7	b	<blu>b</blu> 7 NE, NA, BYZ, and TR <em>ὑμῶν</em>
580	1	12	1	12	c	<blu>c</blu> 12 BYZ and TR <em>ἡμᾶς</em>
580	1	23	1	23	d	<blu>d</blu> 23 Or <em>to every creature</em>
580	3	4	3	4	a	<blu>a</blu> 4 NE, WH, BYZ, and TR <em>ἡμῶν</em>
580	3	6	3	6	b	<blu>b</blu> 6 NE, WH, and Tischendorf do not include <em>ἐπὶ τοὺς υἱοὺς τῆς ἀπειθείας</em>
580	4	18	4	18	a	<blu>a</blu> 18 BYZ and TR include <em>Ἀμήν.</em><PF0><PI0>
590	1	1	1	1	a	<blu>a</blu> 1 That is, Silas
590	1	1	1	1	b	<blu>b</blu> 1 BYZ and TR include <em>ἀπὸ Θεοῦ πατρὸς ἡμῶν, καὶ κυρίου Ἰησοῦ Χριστοῦ</em>
590	5	28	5	28	a	<blu>a</blu> 28 BYZ and TR include <em>Ἀμήν.</em><PF0><PI0>
600	1	1	1	1	a	<blu>a</blu> 1 That is, Silas
600	2	13	2	13	a	<blu>a</blu> 13 Or <em>God has chosen you as the firstfruits</em>
600	3	18	3	18	a	<blu>a</blu> 18 BYZ and TR include <em>Ἀμήν.</em><PF0><PI0>
610	2	11	2	11	a	<blu>a</blu> 11 Or <em>wife</em>; also in verse 12
610	2	12	2	12	b	<blu>b</blu> 12 Or <em>over her husband</em>
610	3	11	3	11	a	<blu>a</blu> 11 Or <em>their wives</em>
610	3	16	3	16	b	<blu>b</blu> 16 Or <em>vindicated in spirit</em>
610	4	10	4	10	a	<blu>a</blu> 10 SBL, BYZ, and TR <em>ὀνειδιζόμεθα</em>
610	5	18	5	18	a	<blu>a</blu> 18 Deuteronomy 25:4
610	5	18	5	18	b	<blu>b</blu> 18 Luke 10:7
610	6	5	6	5	a	<blu>a</blu> 5 BYZ and TR include <em>Ἀφίστασο ἀπὸ τῶν τοιούτων</em>
610	6	7	6	7	b	<blu>b</blu> 7 BYZ and TR <em>κόσμον, δῆλον</em>
610	6	21	6	21	c	<blu>c</blu> 21 BYZ and TR include <em>Ἀμήν.</em><PF0><PI0>
620	2	14	2	14	a	<blu>a</blu> 14 SBL, BYZ, and TR <em>τοῦ κυρίου</em>
620	4	19	4	19	a	<blu>a</blu> 19 That is, Priscilla
620	4	22	4	22	b	<blu>b</blu> 22 BYZ and TR include <em>Ἀμήν.</em><PF0><PI0>
630	1	12	1	12	a	<blu>a</blu> 12 This quote has been attributed to the Cretan philosopher Epimenides
630	3	15	3	15	a	<blu>a</blu> 15 BYZ and TR include <em>Ἀμήν.</em><PF0><PI0>
640	1	10	1	10	a	<blu>a</blu> 10 Onesimus means useful (see verse 11) or beneficial (see verse 20)
640	1	25	1	25	b	<blu>b</blu> 25 BYZ and TR include <em>Ἀμήν.</em><PF0><PI0>
650	1	5	1	5	a	<blu>a</blu> 5 Psalm 2:7
650	1	5	1	5	b	<blu>b</blu> 5 2 Samuel 7:14; 1 Chronicles 17:13
650	1	6	1	6	c	<blu>c</blu> 6 Deuteronomy 32:43
650	1	7	1	7	d	<blu>d</blu> 7 Psalm 104:4
650	1	9	1	9	e	<blu>e</blu> 8-9 Psalm 45:6,7
650	1	12	1	12	f	<blu>f</blu> 12 BYZ and TR do not include <em>ὡς ἱμάτιον</em>
650	1	12	1	12	g	<blu>g</blu> 10-12 Psalm 102:25-27
650	1	13	1	13	h	<blu>h</blu> 13 Psalm 110:1
650	2	7	2	7	a	<blu>a</blu> 7 Or <em>a little while lower</em>; also in verse 9
650	2	7	2	7	b	<blu>b</blu> 7 WH and TR include <em>καὶ κατέστησας αὐτὸν ἐπὶ τὰ ἔργα τῶν χειρῶν σου</em>
650	2	8	2	8	c	<blu>c</blu> 6-8 Psalm 8:4-6
650	2	12	2	12	d	<blu>d</blu> 12 Psalm 22:22
650	2	13	2	13	e	<blu>e</blu> 13 Isaiah 8:17
650	2	13	2	13	f	<blu>f</blu> 13 Isaiah 8:18
650	3	5	3	5	a	<blu>a</blu> 5 Numbers 12:7
650	3	6	3	6	b	<blu>b</blu> 6 NE, WH, BYZ, and TR include <em>μέχρι τέλους βεβαίαν</em>
650	3	11	3	11	c	<blu>c</blu> 7-11 Psalm 95:7-11
650	3	15	3	15	d	<blu>d</blu> 15 Psalm 95:7,8
650	4	3	4	3	a	<blu>a</blu> 3 Psalm 95:11; also in verse 5
650	4	4	4	4	b	<blu>b</blu> 4 Genesis 2:2
650	4	7	4	7	c	<blu>c</blu> 7 Psalm 95:7,8
650	5	5	5	5	a	<blu>a</blu> 5 Psalm 2:7
650	5	6	5	6	b	<blu>b</blu> 6 Psalm 110:4
650	6	1	6	1	a	<blu>a</blu> 1 Or <em>from pointless rituals</em>
650	6	2	6	2	b	<blu>b</blu> 2 Or <em>cleansing rites</em>
650	6	14	6	14	c	<blu>c</blu> 14 Genesis 22:17
650	7	17	7	17	a	<blu>a</blu> 17 Psalm 110:4
650	7	21	7	21	b	<blu>b</blu> 21 Psalm 110:4
650	7	25	7	25	c	<blu>c</blu> 25 Or <em>forever</em>
650	8	5	8	5	a	<blu>a</blu> 5 Exodus 25:40
650	8	12	8	12	b	<blu>b</blu> 8-12 Jeremiah 31:31-34
650	9	11	9	11	a	<blu>a</blu> 11 BYZ and TR <em>μελλόντων</em>
650	9	14	9	14	b	<blu>b</blu> 14 BYZ and TR <em>ὑμῶν</em>
650	9	20	9	20	c	<blu>c</blu> 20 Exodus 24:8
650	10	7	10	7	a	<blu>a</blu> 5-7 Psalm 40:6-8
650	10	16	10	16	b	<blu>b</blu> 16 Jeremiah 31:33
650	10	17	10	17	c	<blu>c</blu> 17 Jeremiah 31:34
650	10	30	10	30	d	<blu>d</blu> 30 Deuteronomy 32:35
650	10	30	10	30	e	<blu>e</blu> 30 Deuteronomy 32:36; Psalm 135:14
650	10	38	10	38	f	<blu>f</blu> 38 BYZ and TR <em>Ὁ δὲ δίκαιος </em>
650	10	38	10	38	g	<blu>g</blu> 38 Habakkuk 2:3,4
650	11	5	11	5	a	<blu>a</blu> 5 Genesis 5:24
650	11	18	11	18	b	<blu>b</blu> 18 Genesis 21:12
650	11	37	11	37	c	<blu>c</blu> 37 NE, WH, BYZ, and TR include <em>ἐπειράσθησαν,</em>
650	12	6	12	6	a	<blu>a</blu> 5-6 Proverbs 3:11,12
650	12	20	12	20	b	<blu>b</blu> 20 Exodus 19:12,13
650	12	21	12	21	c	<blu>c</blu> 21 See Deuteronomy 9:19
650	12	26	12	26	d	<blu>d</blu> 26 Haggai 2:6
650	12	29	12	29	e	<blu>e</blu> 29 Deuteronomy 4:24
650	13	5	13	5	a	<blu>a</blu> 5 Deuteronomy 31:6
650	13	6	13	6	b	<blu>b</blu> 6 Psalm 118:6
650	13	21	13	21	c	<blu>c</blu> 21 BYZ and TR <em>παντὶ ἔργῳ ἀγαθῷ</em>
650	13	21	13	21	d	<blu>d</blu> 21 BYZ and TR <em>ὑμῖν</em>
650	13	25	13	25	e	<blu>e</blu> 25 BYZ and TR include <em>Ἀμήν.</em><PF0><PI0>
660	2	8	2	8	a	<blu>a</blu> 8 Leviticus 19:18
660	2	11	2	11	b	<blu>b</blu> 11 Exodus 20:14; Deuteronomy 5:18
660	2	11	2	11	c	<blu>c</blu> 11 Exodus 20:13; Deuteronomy 5:17
660	2	20	2	20	d	<blu>d</blu> 20 BYZ and TR <em>νεκρά</em>
660	2	23	2	23	e	<blu>e</blu> 23 Genesis 15:6
660	4	4	4	4	a	<blu>a</blu> 4 See Hosea 3:1
660	4	6	4	6	b	<blu>b</blu> 6 Proverbs 3:34
670	1	16	1	16	a	<blu>a</blu> 16 Leviticus 11:44,45; 19:2; 20:7
670	1	22	1	22	b	<blu>b</blu> 22 SBL, NE, and WH <em>ἐκ καρδίας</em>
670	1	25	1	25	c	<blu>c</blu> 24-25 Isaiah 40:6-8
670	2	6	2	6	a	<blu>a</blu> 6 Isaiah 28:16
670	2	7	2	7	b	<blu>b</blu> 7 Psalm 118:22
670	2	8	2	8	c	<blu>c</blu> 8 Isaiah 8:14
670	2	22	2	22	d	<blu>d</blu> 22 Isaiah 53:9
670	2	24	2	24	e	<blu>e</blu> 24 Isaiah 53:5
670	2	25	2	25	f	<blu>f</blu> 25 Isaiah 53:6
670	3	12	3	12	a	<blu>a</blu> 10-12 Psalm 34:12-16
670	3	14	3	14	b	<blu>b</blu> 14 Or <em>fear what they fear</em>
670	3	14	3	14	c	<blu>c</blu> 14 Isaiah 8:12
670	3	18	3	18	d	<blu>d</blu> 18 NE and WH <em>ἀπέθανεν</em>
670	4	1	4	1	a	<blu>a</blu> 1 BYZ and TR include <em>ὑπὲρ ἡμῶν</em>
670	4	14	4	14	b	<blu>b</blu> 14 BYZ and TR include <em>κατὰ μὲν αὐτοὺς βλασφημεῖται, κατὰ δὲ ὑμᾶς δοξάζεται.</em>
670	4	16	4	16	c	<blu>c</blu> 16 NA <em>μέρει</em>
670	4	18	4	18	d	<blu>d</blu> 18 Proverbs 11:31
670	5	1	5	1	a	<blu>a</blu> 1 SBL, NE, and WH <em>οὖν</em>
670	5	2	5	2	b	<blu>b</blu> 2 NE and WH do not include <em>ἐπισκοποῦντες</em>
670	5	2	5	2	c	<blu>c</blu> 2 WH, BYZ, and TR do not include <em>κατὰ θεόν</em>
670	5	5	5	5	d	<blu>d</blu> 5 Proverbs 3:34
670	5	10	5	10	e	<blu>e</blu> 10 BYZ and TR <em>ἐν χριστῷ Ἰησοῦ</em>
670	5	12	5	12	f	<blu>f</blu> 12 That is, Silas
670	5	14	5	14	g	<blu>g</blu> 14 BYZ and TR include <em>Ἀμήν.</em><PF0><PI0>
680	1	17	1	17	a	<blu>a</blu> 17 Matthew 17:5; Mark 9:7; Luke 9:35
680	2	4	2	4	a	<blu>a</blu> 4 Or <em>in gloomy dungeons</em>
680	2	6	2	6	b	<blu>b</blu> 6 WH <em>Σοδόμων καὶ Γομόρρας τεφρώσας κατέκρινεν</em>
680	2	6	2	6	c	<blu>c</blu> 6 NE, NA, BYZ, and TR <em>ἀσεβεῖν</em>
680	2	20	2	20	d	<blu>d</blu> 20 Some manuscripts <em>τοῦ κυρίου ἡμῶν καὶ σωτῆρος</em>
680	2	22	2	22	e	<blu>e</blu> 22 Proverbs 26:11
680	3	6	3	6	a	<blu>a</blu> 6 NA <em>ὃν</em>
680	3	10	3	10	b	<blu>b</blu> 10 BYZ and TR <em>κατακαήσεται</em>; SBL, NE, WH <em>ἔργα εὑρεθήσεται</em>
680	3	16	3	16	c	<blu>c</blu> 16 Or <em>in all the letters</em>
680	3	16	3	16	d	<blu>d</blu> 16 NA <em>στρεβλώσουσιν</em>
680	3	18	3	18	e	<blu>e</blu> 18 NE, WH, and NA do not include <em>Ἀμήν.</em><PF0><PI0>
690	1	4	1	4	a	<blu>a</blu> 4 BYZ and TR <em>ὑμῖν</em>
690	1	7	1	7	b	<blu>b</blu> 7 NA does Not include <em>δὲ</em>
690	2	20	2	20	a	<blu>a</blu> 20 BYZ and TR <em>οἴδατε πάντα</em>
690	3	2	3	2	a	<blu>a</blu> 2 Or <em>when it appears</em>
690	3	7	3	7	b	<blu>b</blu> 7 NA <em>Παιδία</em>
690	4	3	4	3	a	<blu>a</blu> 3 BYZ and TR <em>Ἰησοῦν χριστὸν ἐν σαρκὶ ἐληλυθότα</em>
690	4	6	4	6	b	<blu>b</blu> 6 Or <em>spirit</em>
690	5	7	5	7	a	<blu>a</blu> 7 TR and GOC include <em>εν τῷ οὐρανῷ, ὁ πατήρ, ὁ λόγος, καὶ τὸ Ἅγιον Πνεῦμα· καὶ οὗτοι οἱ τρεῖς ἕν εἰσι. 8 καὶ τρεῖς εἰσὶν οἱ μαρτυροῦντες ἐν τῇ γῇ,</em>
690	5	13	5	13	b	<blu>b</blu> 13 BYZ and TR include <em>καὶ ἵνα πιστεύητε εἰς τὸ ὄνομα τοῦ υἱοῦ τοῦ θεοῦ.</em>
690	5	18	5	18	c	<blu>c</blu> 18 NA, BYZ, and TR <em>ἑαυτὸν</em>
690	5	21	5	21	d	<blu>d</blu> 21 BYZ and TR include <em>Ἀμήν.</em><PF0><PI0>
700	1	8	1	8	a	<blu>a</blu> 8 NE and WH <em>ἠργασάμεθα</em>
700	1	13	1	13	b	<blu>b</blu> 13 BYZ and TR include <em>Ἀμήν.</em><PF0><PI0>
720	1	5	1	5	a	<blu>a</blu> 5 NE, WH, BYZ, and TR <em>Κύριος</em>
720	1	9	1	9	b	<blu>b</blu> 9 See the Testament of Moses
720	1	12	1	12	c	<blu>c</blu> 12 Or <em>blemishes</em>
720	1	15	1	15	d	<blu>d</blu> 15 See the First Book of Enoch<PF0><PI0>
730	1	4	1	4	a	<blu>a</blu> 4 Or <em>sevenfold Spirit</em>; also in chapters 3, 4, and 5
730	1	8	1	8	b	<blu>b</blu> 8 TR includes <em>ἀρχὴ καὶ τέλος</em>
730	1	11	1	11	c	<blu>c</blu> 11 TR includes <em>Ἐγώ ἐιμι τὸ Α καὶ τὸ Ω, ὁ πρῶτος καὶ ὁ ἔσχατος· καὶ</em>
730	1	13	1	13	d	<blu>d</blu> 13 See Daniel 7:13
730	2	27	2	27	a	<blu>a</blu> 26-27 Psalm 2:8,9
730	5	10	5	10	a	<blu>a</blu> 10 WH <em>βασιλεύουσιν</em>
730	5	14	5	14	b	<blu>b</blu> 14 TR includes <em>ζῶντι εἰς τοὺς αἰωνας τῶν αἰώνων</em>
730	6	6	6	6	a	<blu>a</blu> 6 A choenix was a Greek dry measure, equivalent to 1.92 pints. A denarius was customarily a day's wage for a laborer (see Matthew 20:2)
730	6	16	6	16	b	<blu>b</blu> 16 See Hosea 10:8
730	6	17	6	17	c	<blu>c</blu> 17 BYZ and TR <em>αὐτοῦ</em>
730	7	16	7	16	a	<blu>a</blu> 16 Isaiah 49:10
730	7	17	7	17	b	<blu>b</blu> 17 Psalm 23:1
730	7	17	7	17	c	<blu>c</blu> 17 Psalm 23:2
730	7	17	7	17	d	<blu>d</blu> 17 Isaiah 25:8
730	9	11	9	11	a	<blu>a</blu> 11 Abaddon means destruction
730	9	11	9	11	b	<blu>b</blu> 11 Apollyon means destroyer
730	10	9	10	9	a	<blu>a</blu> 9 Numbers 5:24; Ezekiel 3:3
730	11	4	11	4	a	<blu>a</blu> 4 Zechariah 4:3,11,14.
730	11	17	11	17	b	<blu>b</blu> 17 TR includes <em>καὶ ὁ ἐρχόμενος</em>
730	12	5	12	5	a	<blu>a</blu> 5 Psalm 2:9
730	12	17	12	17	b	<blu>b</blu> 17 BYZ and TR <em>Καὶ ἐστάθην ἐπὶ τὴν ἄμμον τῆς θαλάσσης· </em>Some texts number this sentence as verse 18, and others include it with 13:1.
730	13	10	13	10	a	<blu>a</blu> 10 NE, WH, and BYZ <em>ἀποκτενεῖ</em>
730	13	10	13	10	b	<blu>b</blu> 10 Jeremiah 15:2
730	13	18	13	18	c	<blu>c</blu> 18 Some manuscripts <em>ἑξακόσιοι δεκα ἕξ</em>
730	14	5	14	5	a	<blu>a</blu> 5 BYZ and TR include <em>ἐνώπιον τοῦ θρόνου τοῦ Θεοῦ</em>
730	14	8	14	8	b	<blu>b</blu> 8 Isaiah 21:9; Daniel 4:30
730	14	14	14	14	c	<blu>c</blu> 14 See Daniel 7:13
730	14	20	14	20	d	<blu>d</blu> 20 About 183 miles or 29 kilometers
730	15	3	15	3	a	<blu>a</blu> 3 SBL and WH <em>αἰώνων</em>; TR <em>ἁγίων</em>
730	16	21	16	21	a	<blu>a</blu> 21 Greek <em>a talent in weight</em>, or about 45 kilograms
730	18	2	18	2	a	<blu>a</blu> 2 Isaiah 21:9; Daniel 4:30
730	18	2	18	2	b	<blu>b</blu> 2 NE, WH, BYZ, and TR do not include <em>καὶ φυλακὴ παντὸς θηρίου ἀκαθάρτου</em>
730	18	3	18	3	c	<blu>c</blu> 3 SBL and WH <em>πέπτωκαν</em>
730	18	4	18	4	d	<blu>d</blu> 4 Jeremiah 51:45
730	19	13	19	13	a	<blu>a</blu> 13 WH <em>ῤεραντισμένον</em>
730	19	15	19	15	b	<blu>b</blu> 15 Psalm 2:9
730	20	9	20	9	a	<blu>a</blu> 9 BYZ and TR include <em>τοῦ θεοῦ</em>
730	21	1	21	1	a	<blu>a</blu> 1 Isaiah 65:17; 66:22
730	21	3	21	3	b	<blu>b</blu> 3 SBL, NE, WH, and BYZ do not include <em>as their God</em>
730	21	4	21	4	c	<blu>c</blu> 4 Isaiah 25:8
730	21	16	21	16	d	<blu>d</blu> 16 About 1,370 miles or 2,200 kilometers
730	21	17	21	17	e	<blu>e</blu> 17 That is, about 200 feet or 65 meters. The measure could indicate either height or thickness.
730	21	24	21	24	f	<blu>f</blu> 24 BYZ and TR include <em>καὶ τιμὴν</em>
730	22	14	22	14	a	<blu>a</blu> 14 BYZ and TR <em>ποιοῦντες τὰς ἐντολὰς</em>
730	22	21	22	21	b	<blu>b</blu> 21 WH and BYZ <em>τοῦ Κυρίου Ἰησοῦ Χριστοῦ</em>; TR <em>τοῦ Κυρίου ημῶν Ἰησοῦ Χριστοῦ</em>
730	22	21	22	21	c	<blu>c</blu> 21 SBL, WH, NE, and TR do not include <em>ἁγίων</em>
730	22	21	22	21	d	<blu>d</blu> 21 SBL, WH, NE, and NA do not include <em>Ἀμήν.</em><PF0><PI0>
