40	1	23	1	23	<blu>a</blu> 23 Isaiah 7:14
40	2	6	2	6	<blu>a</blu> 6 Micah 5:2,4
40	2	15	2	15	<blu>b</blu> 15 Hosea 11:1
40	2	18	2	18	<blu>c</blu> 18 Jeremiah 31:15
40	3	3	3	3	<blu>a</blu> 3 Isaiah 40:3
40	3	11	3	11	<blu>b</blu> 11 Or <em>in water ... in the Holy Spirit</em>
40	3	16	3	16	<blu>c</blu> 16 NA, BYZ, and TR include include <em>αὐτῷ</em>
40	4	4	4	4	<blu>a</blu> 4 Deuteronomy 8:3
40	4	6	4	6	<blu>b</blu> 6 Psalm 91:11,12
40	4	7	4	7	<blu>c</blu> 7 Deuteronomy 6:16
40	4	10	4	10	<blu>d</blu> 10 Deuteronomy 6:13
40	4	15	4	16	<blu>e</blu> 15-16 Isaiah 9:1,2
40	4	25	4	25	<blu>f</blu> 25 That is, the Ten Cities
40	5	21	5	21	<blu>a</blu> 21 Exodus 20:13; Deuteronomy 5:17
40	5	22	5	22	<blu>b</blu> 22 BYZ and TR <em>τῷ ἀδελφῷ αὐτοῦ εἰκῇ</em>
40	5	22	5	22	<blu>c</blu> 22 An Aramaic expression of contempt
40	5	26	5	26	<blu>d</blu> 26 Greek <em>kodranten</em>, A roman copper coin worth about 1/64 of a denarius
40	5	27	5	27	<blu>e</blu> 27 Exodus 20:14; Deuteronomy 5:18
40	5	31	5	31	<blu>f</blu> 31 Deuteronomy 24:1
40	5	37	5	37	<blu>g</blu> 37 Or <em>from evil</em>
40	5	38	5	38	<blu>h</blu> 38 Exodus 21:24; Leviticus 24:20; Deuteronomy 19:21
40	5	43	5	43	<blu>i</blu> 43 Leviticus 19:18
40	5	44	5	44	<blu>j</blu> 44 BYZ and TR <em>εὐλογεῖτε τοὺς καταρωμένους ὑμᾶς, καλῶς ποιεῖτε τοῖς μισοῦσιν ὑμᾶς, καὶ προσεύχεσθε ὑπὲρ τῶν ἐπηρεαζόντων ὑμᾶς, καὶ διωκόντων ὑμᾶς·</em>
40	6	13	6	13	<blu>a</blu> 13 BYZ and TR include <em>Ὅτι σοῦ ἐστιν ἡ βασιλεία καὶ ἡ δύναμις καὶ ἡ δόξα εἰς τοὺς αἰῶνας. Ἀμήν.</em>
40	6	19	6	19	<blu>b</blu> 19 Or <em>worm</em>; also in verse 20
40	6	27	6	27	<blu>c</blu> 27 Or <em>a single cubit to his height</em>; a cubit was about 18 inches or 45 centimeters
40	8	2	8	2	<blu>a</blu> 2 Leprosy was a term for several skin diseases. See Leviticus 13.
40	8	17	8	17	<blu>b</blu> 17 Isaiah 53:4
40	8	28	8	28	<blu>c</blu> 28 BYZ and TR <em>Γεργεσηνῶν</em>
40	9	13	9	13	<blu>a</blu> 13 Hosea 6:6
40	10	8	10	8	<blu>a</blu> 8 Leprosy was a term for several skin diseases. See Leviticus 13.
40	10	29	10	29	<blu>b</blu> 29 Greek <em>assarion</em>, a Roman copper coin worth about 1/16 of a denarius
40	10	35	10	36	<blu>c</blu> 35-36 Micah 7:6
40	11	5	11	5	<blu>a</blu> 5 Leprosy was a term for several skin diseases. See Leviticus 13.
40	11	10	11	10	<blu>b</blu> 10 Malachi 3:1
40	11	12	11	12	<blu>c</blu> 12 Or <em>has been forcefully advancing</em>
40	11	15	11	15	<blu>d</blu> 15 BYZ and TR <em>ὦτα ἀκούειν</em>
40	12	7	12	7	<blu>a</blu> 7 Hosea 6:6
40	12	18	12	21	<blu>b</blu> 18-21 Isaiah 42:1-4
40	12	46	12	46	<blu>c</blu> 46 WH and some manuscripts do not include verse 47
40	13	9	13	9	<blu>a</blu> 9 BYZ and TR <em>ὦτα ἀκούειν</em>
40	13	14	13	15	<blu>b</blu> 14-15 Isaiah 6:9,10
40	13	35	13	35	<blu>c</blu> 35 Psalm 78:2
40	13	43	13	43	<blu>d</blu> 43 BYZ and TR <em>ὦτα ἀκούειν</em>
40	14	24	14	24	<blu>a</blu> 24 Greek <em>many stadia</em>, a stadion was about 607 feet or 185 meters
40	15	4	15	4	<blu>a</blu> 4 Exodus 20:12; Deuteronomy 5:16
40	15	4	15	4	<blu>b</blu> 4 Exodus 21:17; Leviticus 20:9
40	15	8	15	9	<blu>c</blu> 8-9 Isaiah 29:13
40	15	14	15	14	<blu>d</blu> 14 Or <em>blind guides</em>
40	16	2	16	3	<blu>a</blu> 2-3 Several manuscripts do not include <em>Ὀψίας γενομένης λέγετε . . . καιρῶν οὐ δύνασθε</em> from verses 2 and 3.
40	16	21	16	21	<blu>b</blu> 21 NE and WH <em>Ἰησοῦς Χριστὸς</em>
40	17	20	17	20	<blu>a</blu> 20 See Mark 9:29. BYZ and TR include <em>21 Tοῦτο δὲ τὸ γένος οὐκ ἐκπορεύεται εἰ μὴ ἐν προσευχῇ καὶ νηστείᾳ.</em>
40	17	27	17	27	<blu>b</blu> 27 Greek stater, a silver coin worth approximately one shekel
40	18	10	18	10	<blu>a</blu> 10 See Luke 19:10. BYZ and TR include<em>11 Ἦλθεν γὰρ ὁ υἱὸς τοῦ ἀνθρώπου σῶσαι τὸ ἀπολωλός.</em>
40	18	15	18	15	<blu>b</blu> 15 NE and WH do not include <em>εἰς σὲ</em>
40	18	16	18	16	<blu>c</blu> 16 Deuteronomy 19:15
40	18	22	18	22	<blu>d</blu> 22 Or <em>seventy times seven</em>
40	18	24	18	24	<blu>e</blu> 24 A talent was worth about twenty years' wages for a laborer
40	18	28	18	28	<blu>f</blu> 28 A denarius was customarily a day's wage for a laborer (see Matthew 20:2)
40	19	4	19	4	<blu>a</blu> 4 Genesis 1:27
40	19	5	19	5	<blu>b</blu> 5 Genesis 2:24
40	19	9	19	9	<blu>c</blu> 9 SBL and BYZ include <em>καὶ ὁ ἀπολελυμένην γαμήσας μοιχᾶται.</em>
40	19	18	19	19	<blu>d</blu> 18-19 Exodus 20:12-16; Deuteronomy 5:16-20; Leviticus 19:18
40	19	29	19	29	<blu>e</blu> 29 NE, WH, and NA do not include <em>ἢ γυναῖκα</em>
40	20	2	20	2	<blu>a</blu> 2 A denarius was customarily a day's wage for a laborer
40	20	7	20	7	<blu>b</blu> 7 BYZ and TR include <em>καὶ ὃ ἐὰν ᾖ δίκαιον λήψεσθε.</em>
40	20	16	20	16	<blu>c</blu> 16 BYZ and TR include <em>πολλοὶ γάρ εἰσιν κλητοί, ὀλίγοι δὲ ἐκλεκτοί.</em>
40	20	22	20	22	<blu>d</blu> 22 BYZ includes <em>ἢ τὸ βάπτισμα ὃ ἐγὼ βαπτίζομαι βαπτισθῆναι</em>, TR <em>καὶ τὸ βάπτισμα ὅ ἐγὼ βαπτίζομαι βαπτισθῆναι</em>
40	20	23	20	23	<blu>e</blu> 23 BYZ and TR include <em>καὶ τὸ βάπτισμα ὃ ἐγὼ βαπτίζομαι βαπτισθήσεσθε</em>
40	21	5	21	5	<blu>a</blu> 5 Zechariah 9:9
40	21	9	21	9	<blu>b</blu> 9 Psalm 118:25
40	21	9	21	9	<blu>c</blu> 9 Psalm 118:26
40	21	9	21	9	<blu>d</blu> 9 Psalm 148:1
40	21	12	21	12	<blu>e</blu> 12 BYZ <em>τοῦ θεοῦ</em>
40	21	13	21	13	<blu>f</blu> 13 Isaiah 56:7
40	21	13	21	13	<blu>g</blu> 13 Jeremiah 7:11
40	21	16	21	16	<blu>h</blu> 16 Psalm 8:2
40	21	29	21	29	<blu>i</blu> 29 NE and WH do not include <em>ὕστερον δὲ μεταμεληθεὶς</em>
40	21	42	21	42	<blu>j</blu> 42 Psalm 118:22,23
40	21	43	21	43	<blu>k</blu> 43 Tischendorf and some manuscripts do not include verse 44.
40	22	19	22	19	<blu>a</blu> 19 A denarius was customarily a day's wage for a laborer (see Matthew 20:2)
40	22	30	22	30	<blu>b</blu> 30 SBL and TR<em>ἄγγελοι θεοῦ</em>; BYZ <em>ἄγγελοι τοῦ θεοῦ</em>
40	22	32	22	32	<blu>c</blu> 32 Exodus 3:6
40	22	37	22	37	<blu>d</blu> 37 Deuteronomy 6:5
40	22	39	22	39	<blu>e</blu> 39 Leviticus 19:18
40	22	44	22	44	<blu>f</blu> 44 Psalm 110:1
40	23	4	23	4	<blu>a</blu> 4 SBL, NE, and WH do not include <em>καὶ δυσβάστακτα</em>
40	23	13	23	13	<blu>b</blu> 13 See Mark 12:40 and Luke 20:47. BYZ <em>14 Οὐαὶ ὑμῖν, γραμματεῖς καὶ Φαρισαῖοι, ὑποκριταί, ὅτι κλείετε τὴν βασιλείαν τῶν οὐρανῶν ἔμπροσθεν τῶν ἀνθρώπων· ὑμεῖς γὰρ οὐκ εἰσέρχεσθε, οὐδὲ τοὺς εἰσερχομένους ἀφίετε εἰσελθεῖν.</em> TR is similar.
40	23	39	23	39	<blu>c</blu> 39 Psalm 118:26
40	24	15	24	15	<blu>a</blu> 15 Daniel 9:27; 11:31; 12:11
40	24	29	24	29	<blu>b</blu> 29 Isaiah 13:10; 34:4; Joel 2:10
40	24	30	24	30	<blu>c</blu> 30 See Daniel 7:13-14
40	24	33	24	33	<blu>d</blu> 33 Or <em>it is</em>
40	24	36	24	36	<blu>e</blu> 36 BYZ and TR do not include <em>οὐδὲ ὁ υἱός</em>
40	25	13	25	13	<blu>a</blu> 13 BYZ and TR include <em>ἐν ᾗ ὁ υἱὸς τοῦ ἀνθρώπου ἔρχεται</em>
40	25	15	25	15	<blu>b</blu> 15 A talent was worth about twenty years' wages for a laborer
40	26	6	26	6	<blu>a</blu> 6 Leprosy was a term for several skin diseases. See Leviticus 13.
40	26	11	26	11	<blu>b</blu> 11 See Deuteronomy 15:11.
40	26	20	26	20	<blu>c</blu> 20 BYZ and TR <em>τῶν δώδεκα</em>
40	26	28	26	28	<blu>d</blu> 28 BYZ and TR <em>τὸ τῆς καινῆς διαθήκης</em>
40	26	31	26	31	<blu>e</blu> 31 Zechariah 13:7
40	26	50	26	50	<blu>f</blu> 50 Or <em>Friend, why have you come?</em>
40	26	64	26	64	<blu>g</blu> 64 See Psalm 110:1; Daniel 7:13.
40	27	9	27	10	<blu>a</blu> 9-10 See Zechariah 11:12,13; Jeremiah 19:1-13; 32:6-9.
40	27	16	27	16	<blu>b</blu> 16 SBL and NA, <em>Ἰησοῦν Βαραββᾶν</em>; also in verse 17.
40	27	24	27	24	<blu>c</blu> 24 BYZ and TR <em>τοῦ αἵματος τοῦ δικαίου τούτου</em>
40	27	35	27	35	<blu>d</blu> 35 TR includes <em>ἵνα πληρωθῇ τὸ ῥηθὲν ὑπὸ τοῦ προφήτου, Διεμερίσαντο τὰ ἱμάτιά μου ἑαυτοῖς, καὶ ἐπὶ τὸν ἱματισμόν μου ἔβαλον κλῆρον.</em>
40	27	46	27	46	<blu>e</blu> 46 NE and WH <em>Ἡλεὶ Ἡλεὶ</em>
40	27	46	27	46	<blu>f</blu> 46 Psalm 22:1
40	28	6	28	6	<blu>a</blu> 6 BYZ and TR <em>ὅπου ἔκειτο ὁ κύριος</em>
40	28	9	28	9	<blu>b</blu> 9 BYZ and TR include <em>Ὡς δὲ ἐπορεύοντο ἀπαγγεῖλαι τοῖς μαθηταῖς αὐτοῦ</em><PF0><PI0>
41	1	1	1	1	<blu>a</blu> 1 SBL and WH do not include <em>υἱοῦ θεοῦ</em>
41	1	2	1	2	<blu>b</blu> 2 Malachi 3:1
41	1	3	1	3	<blu>c</blu> 3 Isaiah 40:3
41	1	8	1	8	<blu>d</blu> 8 Or <em>in water</em>
41	1	40	1	40	<blu>e</blu> 40 Leprosy was a term for several skin diseases. See Leviticus 13.
41	1	41	1	41	<blu>f</blu> 41 SBL <em>ὀργισθεὶς</em>
41	2	16	2	16	<blu>a</blu> 16 BYZ and TR include <em>καὶ πίνει</em>
41	2	22	2	22	<blu>b</blu> 22 Tischendorf and some other texts do not include <em>ἀλλὰ οἶνον νέον εἰς ἀσκοὺς καινούς</em>
41	3	32	3	32	<blu>a</blu> 32 NE and NA include <em>καὶ αἱ ἀδελφαί σου</em>
41	4	12	4	12	<blu>a</blu> 12 Isaiah 6:9,10
41	5	1	5	1	<blu>a</blu> 1 BYZ and TR <em>Γαδαρηνῶν</em>
41	5	20	5	20	<blu>b</blu> 20 That is, the Ten Cities
41	6	11	6	11	<blu>a</blu> 11 BYZ and TR include <em>Ἀμὴν λέγω ὑμῖν, ἀνεκτότερον ἔσται Σοδόμοις ἢ Γομόρροις ἐν ἡμέρᾳ κρίσεως, ἢ τῇ πόλει ἐκείνῃ.</em>
41	6	37	6	37	<blu>b</blu> 37 A denarius was customarily a day's wage for a laborer (see Matthew 20:2)
41	7	4	7	4	<blu>a</blu> 4 NE and WH do not include <em>καὶ κλινῶν</em>
41	7	7	7	7	<blu>b</blu> 7 Isaiah 29:13
41	7	8	7	8	<blu>c</blu> 8 BYZ and TR include <em>βαπτισμοὺς ξεστῶν καὶ ποτηρίων· καὶ ἄλλα παρόμοια τοιαῦτα πολλὰ ποιεῖτε</em>
41	7	9	7	9	<blu>d</blu> 9 NA <em>στήσητε</em>
41	7	10	7	10	<blu>e</blu> 10 Exodus 20:12; Deuteronomy 5:16
41	7	10	7	10	<blu>f</blu> 10 Exodus 21:17; Leviticus 20:9
41	7	15	7	15	<blu>g</blu> 15 BYZ and TR include <em>16 Εἴ τις ἔχει ὦτα ἀκούειν ἀκουέτω.</em>
41	7	21	7	21	<blu>h</blu> 21 Many Sources move <em>μοιχεῖαι</em> to verse 22
41	7	24	7	24	<blu>i</blu> 24 WH, BYZ and TR include <em>καὶ Σιδῶνος</em>
41	7	31	7	31	<blu>j</blu> 31 That is, the Ten Cities
41	8	26	8	26	<blu>a</blu> 26 BYZ and TR <em>Μηδὲ εἰς τὴν κώμην εἰσέλθῃς, μηδὲ εἴπῃς τινὶ ἐν τῇ κώμῃ.</em>
41	9	24	9	24	<blu>a</blu> 24 BYZ and TR include <em>μετὰ δακρύων</em>
41	9	29	9	29	<blu>b</blu> 29 BYZ and TR <em>προσευχῇ καὶ νηστείᾳ</em>
41	9	43	9	43	<blu>c</blu> 43 See Isaiah 66:24, Mark 9:48. BYZ and TR <em>44 ὅπου ὁ σκώληξ αὐτῶν οὐ τελευτᾷ, καὶ τὸ πῦρ οὐ σβέννυται.</em>
41	9	45	9	45	<blu>d</blu> 45 See Isaiah 66:24, Mark 9:48. BYZ and TR <em>46 ὅπου ὁ σκώληξ αὐτῶν οὐ τελευτᾷ, καὶ τὸ πῦρ οὐ σβέννυται.</em>
41	9	48	9	48	<blu>e</blu> 48 Isaiah 66:24
41	9	49	9	49	<blu>f</blu> 49 BYZ and TR include <em>καὶ πᾶσα θυσία ἁλὶ ἁλισθήσεται.</em>
41	10	6	10	6	<blu>a</blu> 6 Genesis 1:27
41	10	7	10	8	<blu>b</blu> 7-8 NE and WH do not include <em>καὶ προσκολληθήσεται πρὸς τὴν γυναῖκα αὐτοῦ</em>
41	10	8	10	8	<blu>c</blu> 8 Genesis 2:24
41	10	19	10	19	<blu>d</blu> 19 Exodus 20:12-16; Deuteronomy 5:16-20
41	10	24	10	24	<blu>e</blu> 24 BYZ includes <em>τοὺς πεποιθότας ἐπὶ χρήμασιν</em>. TR is similar.
41	11	9	11	9	<blu>a</blu> 9 Psalm 118:25
41	11	9	11	9	<blu>b</blu> 9 Psalm 118:26
41	11	10	11	10	<blu>c</blu> 10 Psalm 148:1
41	11	17	11	17	<blu>d</blu> 17 Isaiah 56:7
41	11	17	11	17	<blu>e</blu> 17 Jeremiah 7:11
41	11	25	11	25	<blu>f</blu> 25 See Matthew 6:15. BYZ and TR <em>26 Εἰ δὲ ὑμεῖς οὖκ ἀφίετε, οὐδὲ ὁ πατὴρ ὑμῶν ὁ ἐν τοῖς οὐρανοῖς ἀφήσει τὰ παραπτώματα ὑμῶν.</em>
41	12	10	12	11	<blu>a</blu> 10-11 Psalm 118:22,23
41	12	15	12	15	<blu>b</blu> 15 A denarius was customarily a day's wage for a laborer (see Matthew 20:2)
41	12	23	12	23	<blu>c</blu> 23 WH does not include <em>ὅταν ἀναστῶσιν</em>
41	12	26	12	26	<blu>d</blu> 26 Exodus 3:6
41	12	29	12	30	<blu>e</blu> 29-30 Deuteronomy 6:4,5
41	12	31	12	31	<blu>f</blu> 31 Leviticus 19:18
41	12	36	12	36	<blu>g</blu> 36 Psalm 110:1
41	12	42	12	42	<blu>h</blu> 42 Greek <em>two lepta</em>; a lepton was a Jewish copper coin worth about 1/128 of a denarius
41	13	14	13	14	<blu>a</blu> 14 Daniel 9:27; 11:31; 12:11. BYZ and TR include <em>τὸ ῥηθὲν ὑπὸ Δανιὴλ τοῦ προφήτου</em>
41	13	14	13	14	<blu>b</blu> 14 Or <em>he should</em>
41	13	24	13	25	<blu>c</blu> 24-25 Isaiah 13:10; 34:4
41	13	29	13	29	<blu>d</blu> 29 Or <em>it is near</em>
41	13	33	13	33	<blu>e</blu> 33 BYZ and TR include <em>καὶ προσεύχεσθε</em>
41	14	3	14	3	<blu>a</blu> 3 Leprosy was a term for several skin diseases. See Leviticus 13.
41	14	5	14	5	<blu>b</blu> 5 A denarius was customarily a day's wage for a laborer (see Matthew 20:2)
41	14	7	14	7	<blu>c</blu> 7 See Deuteronomy 15:11
41	14	24	14	24	<blu>d</blu> 24 BYZ and TR <em>καινῆς διαθήκης</em>
41	14	27	14	27	<blu>e</blu> 27 BYZ and TR include <em>ἐν ἐμοὶ ἐν τῇ νυκτὶ ταύτῃ</em>
41	14	27	14	27	<blu>f</blu> 27 Zechariah 13:7
41	14	68	14	68	<blu>g</blu> 68 NE and WH do not include <em>καὶ ἀλέκτωρ ἐφώνησεν</em>
41	14	70	14	70	<blu>h</blu> 70 BYZ and TR include <em>and your speech is similar</em>
41	15	27	15	27	<blu>a</blu> 27 BYZ and TR include <em>28 Καὶ ἐπληρώθη ἡ γραφὴ ἡ λέγουσα, Καὶ μετὰ ἀνόμων ἐλογίσθη.</em>
41	15	34	15	34	<blu>b</blu> 34 Psalm 22:1
41	15	39	15	39	<blu>c</blu> 39 BYZ and TR <em>κράξας ἐξέπνευσεν</em>
41	15	47	15	47	<blu>d</blu> 47 BYZ and TR <em>Ἰωσῆ</em>
41	16	8	16	8	<blu>a</blu> 8 Some manuscripts end the Gospel of Mark after verse 8 or 9.<PF0><PI0>
42	1	28	1	28	<blu>a</blu> 28 BYZ and TR include <em>εὐλογημένη σὺ ἐν γυναιξίν</em>
42	1	35	1	35	<blu>b</blu> 35 TR <em>γεννώμενον ἐκ σοῦ</em>
42	1	80	1	80	<blu>c</blu> 80 Or <em>in the Spirit</em>
42	2	2	2	2	<blu>a</blu> 2 Or <em>This was the census before</em>
42	2	23	2	23	<blu>b</blu> 23 Exodus 13:2,12
42	2	24	2	24	<blu>c</blu> 24 Leviticus 12:8
42	2	37	2	37	<blu>d</blu> 37 Or <em>was a widow for eighty-four years</em>
42	2	49	2	49	<blu>e</blu> 49 Or <em>be about my Father's business</em>
42	3	4	3	6	<blu>a</blu> 4-6 Isaiah 40:3-5
42	3	16	3	16	<blu>b</blu> 16 Or <em>in water</em>
42	3	16	3	16	<blu>c</blu> 16 Or <em>in the Holy Spirit and in fire</em>
42	3	32	3	32	<blu>d</blu> 32 BYZ and TR <em>Σαλμών</em>
42	3	33	3	33	<blu>e</blu> 33 BYZ and TR <em>Ἀράμ</em>
42	3	33	3	33	<blu>f</blu> 33 WH, BYZ, and TR do not include <em>τοῦ Ἀρνὶ</em>
42	4	4	4	4	<blu>a</blu> 4 Deuteronomy 8:3. BYZ and TR include <em>ἀλλ’ ἐπὶ παντὶ ῥήματι θεοῦ</em>
42	4	8	4	8	<blu>b</blu> 8 Deuteronomy 6:13
42	4	10	4	11	<blu>c</blu> 10-11 Psalm 91:11,12
42	4	12	4	12	<blu>d</blu> 12 Deuteronomy 6:16
42	4	18	4	18	<blu>e</blu> 18 BYZ and TR include <em>ἰάσασθαι τοὺς συντετριμμένους τὴν καρδίαν,</em>
42	4	18	4	19	<blu>f</blu> 18-19 Isaiah 61:1,2
42	4	27	4	27	<blu>g</blu> 27 Leprosy was a term for several skin diseases. See Leviticus 13.
42	4	44	4	44	<blu>h</blu> 44 BYZ and TR <em>Γαλιλαίας</em>
42	5	1	5	1	<blu>a</blu> 1 That is, the Sea of Galilee
42	5	12	5	12	<blu>b</blu> 12 Leprosy was a term for several skin diseases. See Leviticus 13.
42	6	1	6	1	<blu>a</blu> 1 BYZ and TR, <em>σαββάτῳ δευτεροπρώτῳ</em>
42	6	48	6	48	<blu>b</blu> 48 BYZ and TR <em>τεθεμελίωτο γὰρ ἐπὶ τὴν πέτραν</em>
42	7	22	7	22	<blu>a</blu> 22 Leprosy was a term for several skin diseases. See Leviticus 13.
42	7	27	7	27	<blu>b</blu> 27 Malachi 3:1
42	7	41	7	41	<blu>c</blu> 41 A denarius was customarily a day's wage for a laborer (see Matthew 20:2)
42	8	3	8	3	<blu>a</blu> 3 TR <em>αὐτῷ</em>
42	8	10	8	10	<blu>b</blu> 10 Isaiah 6:9
42	8	26	8	26	<blu>c</blu> 26 BYZ and TR <em>Γαδαρηνῶν</em>; also verse 37
42	8	43	8	43	<blu>d</blu> 43 NE and WH do not include <em>ἰατροῖς προσαναλώσασα ὅλον τὸν βίον</em>
42	8	45	8	45	<blu>e</blu> 45 BYZ and TR include <em>καὶ οἱ μετ’ αὐτοῦ</em>
42	9	35	9	35	<blu>a</blu> 35 BYZ and TR <em>Οὗτός ἐστιν ὁ υἱός μου ὁ ἀγαπητός</em>
42	9	54	9	54	<blu>b</blu> 54 BYZ and TR include <em>ὡς καὶ Ἠλίας ἐποίησεν</em>
42	9	55	9	55	<blu>c</blu> 55 BYZ and TR include <em>καὶ εἴπεν, Οὐκ οἴδατε οἵου πνεύματός ἐστε ὑμεῖς 56 ὁ γὰρ υἱὸς τοῦ ἀνθρώπου οὐκ ἦλθεν ψυχὰς ἀνθρώπων ἀπολέσαι, ἀλλὰ σῶσαι.</em>
42	10	1	10	1	<blu>a</blu> 1 NE, BYZ, and TR <em>ἑβδομήκοντα</em>; also in verse 17
42	10	7	10	7	<blu>b</blu> 7 Leviticus 19:13; Deuteronomy 24:14,15
42	10	27	10	27	<blu>c</blu> 27 Deuteronomy 6:5
42	10	27	10	27	<blu>d</blu> 27 Leviticus 19:18
42	10	35	10	35	<blu>e</blu> 35 A denarius was customarily a day's wage for a laborer (see Matthew 20:2)
42	11	2	11	2	<blu>a</blu> 2 BYZ and TR <em>Πάτερ ἡμῶν ὁ ἐν τοῖς οὐρανοῖς</em>
42	11	2	11	2	<blu>b</blu> 2 BYZ and TR include <em>Γενηθήτω τὸ θέλημά σου, ὡς ἐν οὐρανῷ, καὶ ἐπὶ τῆς γῆς.</em>
42	11	4	11	4	<blu>c</blu> 4 BYZ and TR include <em>ἀλλὰ ῥῦσαι ἡμᾶς ἀπὸ τοῦ πονηροῦ</em>
42	11	11	11	11	<blu>d</blu> 11 BYZ and TR include <em>ἄρτον, μὴ λίθον ἐπιδώσει αὐτῷ</em>
42	12	6	12	6	<blu>a</blu> 6 Greek <em>two assaria</em>; an assarion was a Roman copper coin worth about 1/16 of a denarius
42	12	25	12	25	<blu>b</blu> 25 Or <em>a single cubit to his height</em>; a cubit was about 18 inches or 45 centimeters
42	12	27	12	27	<blu>c</blu> 27 NE and Tischendorf <em>οὔτε νήθει οὔτε ὑφαίνει</em>
42	12	31	12	31	<blu>d</blu> 31 BYZ and TR <em>τοῦ θεοῦ</em>
42	12	39	12	39	<blu>e</blu> 39 BYZ and TR include <em>ἐγρηγόρησεν ἄν, καὶ</em>
42	12	59	12	59	<blu>f</blu> 59 Greek <em>lepton</em>, a Jewish bronze or copper coin worth about 1/128 of a denarius
42	13	35	13	35	<blu>a</blu> 35 Psalm 118:26
42	14	5	14	5	<blu>a</blu> 5 TR <em>ὄνος </em>
42	15	8	15	8	<blu>a</blu> 8 Greek <em>ten drachmas</em>, each worth about a day's wages
42	16	6	16	6	<blu>a</blu> 6 Greek, <em>A hundred baths</em>, about 875 gallons or 3,200 liters
42	16	7	16	7	<blu>b</blu> 7 Greek, <em>A hundred cors</em>, approximately 1,100 bushels or 40,000 liters
42	17	12	17	12	<blu>a</blu> 12 Leprosy was a term for several skin diseases. See Leviticus 13.
42	17	19	17	19	<blu>b</blu> 19 Or <em>has saved you</em>
42	17	21	17	21	<blu>c</blu> 21 Or <em>within you</em>, or <em>within your grasp</em>
42	17	35	17	35	<blu>d</blu> 35 See Matthew 24:40. TR includes <em>36 δύο ἔσονται ἐν τῷ ἀγρῷ· ὁ εἴς παραληφθήσεται, καὶ ὁ ἕτερος ἀφεθήσεται.</em>
42	18	20	18	20	<blu>a</blu> 20 Exodus 20:12-16; Deuteronomy 5:16-20
42	19	13	19	13	<blu>a</blu> 13 A mina was worth about three months' wages for a laborer
42	19	38	19	38	<blu>b</blu> 38 Psalm 118:26
42	19	46	19	46	<blu>c</blu> 46 Isaiah 56:7
42	19	46	19	46	<blu>d</blu> 46 Jeremiah 7:11
42	20	17	20	17	<blu>a</blu> 17 Psalm 118:22
42	20	24	20	24	<blu>b</blu> 24 A denarius was customarily a day's wage for a laborer (see Matthew 20:2)
42	20	30	20	30	<blu>c</blu> 30 BYZ and TR include <em>καὶ ἔλαβεν ὁ δεύτερος τὴν γυναῖκα, καὶ οὗτος ἀπέθανεν ἄτεκνος</em>
42	20	37	20	37	<blu>d</blu> 37 Exodus 3:6
42	20	42	20	43	<blu>e</blu> 42-43 Psalm 110:1
42	21	2	21	2	<blu>a</blu> 2 Greek <em>two lepta</em>; a lepton was a Jewish copper coin worth about 1/128 of a denarius
42	22	19	22	20	<blu>a</blu> 19-20 Some manuscripts end verse 19 after <em>Τοῦτό ἐστιν τὸ σῶμά μου</em> and do not include verse 20
42	22	37	22	37	<blu>b</blu> 37 Isaiah 53:12
42	22	43	22	44	<blu>c</blu> 43-44 Some manuscripts do not include verses 43 and 44
42	22	64	22	64	<blu>d</blu> 64 BYZ and TR include <em>ἔτυπτον αὐτοῦ τὸ πρόσωπον, καὶ</em>
42	23	16	23	16	<blu>a</blu> 16 See Matthew 27:15 and Mark 15:6. BYZ and TR include <em>17 Ἀνάγκην δὲ εἴχεν ἀπολύειν αὐτοῖς κατὰ ἑορτὴν ἕνα.</em>
42	23	23	23	23	<blu>b</blu> 23 BYZ and TR include <em>καὶ τῶν ἀρχιερέων</em>
42	23	30	23	30	<blu>c</blu> 30 Hosea 10:8
42	23	34	23	34	<blu>d</blu> 34 Some manuscripts do not include <em>ὁ δὲ Ἰησοῦς ἔλεγεν Πάτερ, ἄφες αὐτοῖς· οὐ γὰρ οἴδασιν τί ποιοῦσιν.</em>
42	23	38	23	38	<blu>e</blu> 38 BYZ and TR include <em>γράμμασιν Ἑλληνικοῖς καὶ Ῥωμαϊκοῖς καὶ Ἑβραϊκοῖς</em>
42	23	46	23	46	<blu>f</blu> 46 Psalm 31:5
42	24	13	24	13	<blu>a</blu> 13 Greek <em>sixty stadia</em>, about 11 kilometers
42	24	42	24	42	<blu>b</blu> 42 BYZ and TR include <em>καὶ ἀπὸ μελισσίου κηρίου</em><PF0><PI0>
43	1	5	1	5	<blu>a</blu> 5 Or <em>comprehended</em>
43	1	18	1	18	<blu>b</blu> 18 BYZ and TR <em>πώποτε· ὁ μονογενὴς υἱός</em>
43	1	23	1	23	<blu>c</blu> 23 Isaiah 40:3
43	1	26	1	26	<blu>d</blu> 26 Or <em>in</em>; also in verses 31 and 33
43	1	34	1	34	<blu>e</blu> 34 SBL <em>ἐκλεκτὸς</em>
43	1	51	1	51	<blu>f</blu> 51 See Genesis 28:12
43	2	6	2	6	<blu>a</blu> 6 Greek <em>two or three metretae</em>, or <em>from 75 to 115 liters</em>
43	2	17	2	17	<blu>b</blu> 17 Psalm 69:9
43	3	3	3	3	<blu>a</blu> 3 Or <em>born from above</em>; also in verse 7.
43	3	13	3	13	<blu>b</blu> 13 BYZ and TR include <em>ὁ ὢν ἐν τῷ οὐρανῷ</em>
43	3	21	3	21	<blu>c</blu> 21 Some interpreters close the quotation after verse 15.
43	3	36	3	36	<blu>d</blu> 36 Some interpreters close the quotation after verse 30.
43	5	3	5	3	<blu>a</blu> 3 NE, BYZ, and TR include <em>ἐκδεχομένων τὴν τοῦ ὕδατος κίνησιν. 4 ἄγγελος γὰρ κατὰ καιρὸν κατέβαινεν ἐν τῇ κολυμβήθρᾳ καὶ ἐτάρασσε τὸ ὕδωρ· ὁ οὖν πρῶτος ἐμβὰς μετὰ τὴν ταραχὴν τοῦ ὕδατος ὑγιὴς ἐγίνετο, ᾧ δήποτε κατείχετο νοσήματι.</em>
43	6	7	6	7	<blu>a</blu> 7 A denarius was customarily a day's wage for a laborer (see Matthew 20:2)
43	6	19	6	19	<blu>b</blu> 19 Greek <em>twenty-five or thirty stadia</em>, approximately 4.5 to 5.5 kilometers
43	6	31	6	31	<blu>c</blu> 31 Exodus 16:4
43	6	45	6	45	<blu>d</blu> 45 Isaiah 54:13
43	7	8	7	8	<blu>a</blu> 8 NE, WH, BYZ, and TR <em>οὔπω</em>
43	7	52	7	52	<blu>b</blu> 52 Some early manuscripts do not include John 7:53 - 8:11
43	8	9	8	9	<blu>a</blu> 9 NE, BYZ, and TR include <em>καὶ ὑπὸ τῆς συνειδήσεως ἐλεγχόμενοι</em>
43	8	10	8	10	<blu>b</blu> 10 NE, BYZ, and TR include <em>καὶ μηδένα θεασάμενος πλὴν τὴς γυναικὸς</em>
43	8	10	8	10	<blu>c</blu> 10 WH and NA do not include<em>ἐκεῖνοι οἱ κατήγοροί σου</em>
43	8	54	8	54	<blu>d</blu> 54 WH and TR <em>ὑμῶν</em>
43	8	59	8	59	<blu>e</blu> 59 BYZ and TR include <em>διελθὼν διὰ μέσου αὐτῶν· καὶ παρῆγεν οὕτως.</em>
43	9	35	9	35	<blu>a</blu> 35 BYZ and TR <em>τὸν υἱὸν τοῦ Θεοῦ</em>
43	9	38	9	39	<blu>b</blu> 38-39 Some manuscripts do not include <em>38 ὁ δὲ ἔφη Πιστεύω, Κύριε . . . 39 καὶ εἶπεν ὁ Ἰησοῦς</em>
43	10	22	10	22	<blu>a</blu> 22 That is, Hanukkah, also called the Feast of Lights
43	10	34	10	34	<blu>b</blu> 34 Psalm 82:6
43	11	18	11	18	<blu>a</blu> 18 Greek <em>fifteen stadia</em>; about 1.7 miles or 2.75 kilometers.
43	11	33	11	33	<blu>b</blu> 33 Or <em>He was angry in His spirit</em>; also in verse 38
43	12	3	12	3	<blu>a</blu> 3 Greek <em>litra</em>, or about a half liter
43	12	5	12	5	<blu>b</blu> 5 A denarius was customarily a day's wage for a laborer (see Matthew 20:2)
43	12	8	12	8	<blu>c</blu> 8 See Deuteronomy 15:11
43	12	13	12	13	<blu>d</blu> 13 Psalm 118:25
43	12	13	12	13	<blu>e</blu> 13 Psalm 118:26
43	12	13	12	13	<blu>f</blu> 13 Zephaniah 3:15
43	12	15	12	15	<blu>g</blu> 15 Zechariah 9:9
43	12	38	12	38	<blu>h</blu> 38 Isaiah 53:1
43	12	40	12	40	<blu>i</blu> 40 Isaiah 6:10
43	13	18	13	18	<blu>a</blu> 18 Psalm 41:9
43	14	1	14	1	<blu>a</blu> 1 Or <em>Believe in God</em>
43	14	4	14	4	<blu>b</blu> 4 BYZ and TR <em>Καὶ ὅπου ἐγὼ ὑπάγω οἴδατε, καὶ τὴν ὁδὸν οἴδατε.</em>
43	14	14	14	14	<blu>c</blu> 14 TR does not include <em>με</em>
43	14	17	14	17	<blu>d</blu> 17 WH <em>ἐστίν</em>
43	15	25	15	25	<blu>a</blu> 25 Psalms 35:19; 69:4
43	16	16	16	16	<blu>a</blu> 16 BYZ includes <em>ὅτι ὑπάγω πρὸς τὸν πατέρα</em>; TR is similar
43	16	27	16	27	<blu>b</blu> 27 WH <em>τοῦ πατρὸς</em>
43	17	15	17	15	<blu>a</blu> 15 Or <em>from evil</em>
43	19	24	19	24	<blu>a</blu> 24 Psalm 22:18
43	19	36	19	36	<blu>b</blu> 36 Exodus 12:46; Numbers 9:12; Psalm 34:20
43	19	37	19	37	<blu>c</blu> 37 Zechariah 12:10
43	19	39	19	39	<blu>d</blu> 39 Greek <em>one hundred litras</em> (Roman pounds), approximately 34 kilograms
43	21	8	21	8	<blu>a</blu> 8 Greek <em>two hundred cubits</em>, or about 90 meters<PF0><PI0>
44	1	4	1	4	<blu>a</blu> 4 Or <em>eating together</em>
44	1	5	1	5	<blu>b</blu> 5 Or <em>in</em>
44	1	12	1	12	<blu>c</blu> 12 That is, approximately 5/8 mile or about 1 kilometer
44	1	20	1	20	<blu>d</blu> 20 Psalm 69:25
44	1	20	1	20	<blu>e</blu> 20 Psalm 109:8
44	2	9	2	9	<blu>a</blu> 9 That is, the Roman Province of Asia
44	2	17	2	21	<blu>b</blu> 17-21 Joel 2:28-32
44	2	25	2	28	<blu>c</blu> 25-28 Psalm 16:8-11
44	2	34	2	35	<blu>d</blu> 34-35 Psalm 110:1
44	2	43	2	43	<blu>e</blu> 43 Or <em>fear</em>
44	3	6	3	6	<blu>a</blu> 6 SBL, NE, and WH <em>ἐν τῷ ὀνόματι Ἰησοῦ Χριστοῦ τοῦ Ναζωραίου περιπάτει</em>
44	3	13	3	13	<blu>b</blu> 13 Or <em>child</em>; also in verse 26
44	3	23	3	23	<blu>c</blu> 23 Deuteronomy 18:15,18,19
44	3	25	3	25	<blu>d</blu> 25 Genesis 22:18
44	4	11	4	11	<blu>a</blu> 11 Psalm 118:22
44	4	25	4	25	<blu>b</blu> 25 Or <em>child</em>; also verses 27 and 30
44	4	25	4	26	<blu>c</blu> 25-26 Psalm 2:1,2
44	7	3	7	3	<blu>a</blu> 3 Genesis 12:1
44	7	5	7	7	<blu>b</blu> 5-7 Genesis 15:13,14
44	7	20	7	20	<blu>c</blu> 20 Or <em>he was of great status in God's eyes</em>
44	7	28	7	28	<blu>d</blu> 28 Exodus 2:14
44	7	32	7	32	<blu>e</blu> 32 Exodus 3:6
44	7	31	7	34	<blu>f</blu> 31-34 Exodus 3:5-10
44	7	37	7	37	<blu>g</blu> 37 Deuteronomy 18:15
44	7	40	7	40	<blu>h</blu> 40 Exodus 32:1
44	7	42	7	43	<blu>i</blu> 42-43 Amos 5:25-27
44	7	46	7	46	<blu>j</blu> 46 NE, NA, and Tischendorf <em>τῷ οἴκῳ Ἰακώβ</em>
44	7	49	7	50	<blu>k</blu> 49-50 Isaiah 66:1,2
44	8	32	8	33	<blu>a</blu> 32-33 Isaiah 53:7,8
44	8	36	8	36	<blu>b</blu> 36 TR includes <em>37 εἰπε δὲ ὁ Φίλιππος, Εἰ πιστεύεις ἐξ ὅλης τὴς καρδίας, ἔξεστιν. ἀποκριθεὶς δὲ εἷπε, Πιστεύω τὸν ὑιὸν τοῦ Θεοῦ ἐιναι τὸν Ἰησοῦν Χριστόν.</em>
44	9	5	9	5	<blu>a</blu> 5 TR includes <em>σκληρόν σοι πρὸς κέντρα λακτίζειν</em>
44	10	6	10	6	<blu>a</blu> 6 TR includes <em>οὗτος λαλήσει σοι τί σε δεῖ ποιεῖν</em>
44	10	19	10	19	<blu>b</blu> 19 NE and WH <em>Ἰδοὺ ἄνδρες δύο ζητοῦντές σε</em>; SBL, BYZ and Tischendorf <em>Ἰδοὺ ἄνδρες ζητοῦντές σε</em>
44	10	21	10	21	<blu>c</blu> 21 TR <em>ἄνδρας τοῦς ἀπεσταλμένους ἀπὸ τοῦ Κορνηλίου πρὸς αὑτόν</em>
44	11	16	11	16	<blu>a</blu> 16 Or <em>in water</em>
44	12	25	12	25	<blu>a</blu> 25 NE and TR <em>ἐξ</em>
44	13	33	13	33	<blu>a</blu> 33 Psalm 2:7
44	13	34	13	34	<blu>b</blu> 34 Isaiah 55:3
44	13	35	13	35	<blu>c</blu> 35 Psalm 16:10
44	13	41	13	41	<blu>d</blu> 41 Habakkuk 1:5
44	13	47	13	47	<blu>e</blu> 47 Isaiah 49:6
44	15	14	15	14	<blu>a</blu> 14 Greek <em>Simeon</em>, a variant of Simon
44	15	16	15	18	<blu>b</blu> 16-18 Amos 9:11,12. BYZ and TR <em>έγει κύριος ὁ ποιῶν ταῦτα πάντα 18 Γνωστὰ ἀπ’ αἰῶνός ἐστιν τῷ θεῷ πάντα τὰ ἔργα αὐτοῦ.</em>
44	15	24	15	24	<blu>c</blu> 24 BYZ and TR include <em>λέγοντες περιτέμνεσθαι καὶ τηρεῖν τὸν νόμον</em>
44	15	33	15	33	<blu>d</blu> 33 TR includes <em>34 ἔδοξε δὲ τῷ Σίλᾳ ἐπιμεῖναι αὐτοῦ.</em>
44	16	16	16	16	<blu>a</blu> 16 Greek <em>Python</em>, a spirit of divination named after the mythical serpent slain by Apollo
44	17	28	17	28	<blu>a</blu> 28 Probably a quote from the Cretan philosopher Epimenides
44	17	28	17	28	<blu>b</blu> 28 Probably from the poem 'Phainomena' by the Cilician philosopher Aratus
44	18	21	18	21	<blu>a</blu> 21 BYZ and TR include <em>Δεῖ με πάντως τὴν ἑορτὴν τὴν ἐρχομένην ποιῆσαι εἰς Ἱεροσόλυμα· πάλιν δὲ</em>
44	19	1	19	1	<blu>a</blu> 1 Or <em>highland</em>
44	19	19	19	19	<blu>b</blu> 19 Or <em>fifty thousand drachmas.</em> A drachma was a silver coin worth about one day's wages.
44	20	15	20	15	<blu>a</blu> 15 BYZ and TR include <em>καὶ μείναντες ἐν Tρωγυλλίῳ</em>
44	20	21	20	21	<blu>b</blu> 21 TR <em>τὸν Κύριον ἡμῶν Ἰησοῦν Χριστόν</em>
44	20	28	20	28	<blu>c</blu> 28 BYZ and Tischendorf <em>τοῦ κυρίου</em>
44	20	28	20	28	<blu>d</blu> 28 Or <em>with the blood of his own Son.</em>
44	21	40	21	40	<blu>a</blu> 40 Or <em>Aramaic</em>
44	22	2	22	2	<blu>a</blu> 2 Or <em>Aramaic</em>
44	23	5	23	5	<blu>a</blu> 5 Exodus 22:28
44	24	6	24	6	<blu>a</blu> 6 BYZ and TR include <em>καὶ κατὰ τὸν ἡμέτερον νόμον ἠθελήσαμεν κρῖναι. 7 Παρελθὼν δὲ Λυσίας ὁ χιλίαρχος μετὰ πολλῆς βίας ἐκ τῶν χειρῶν ἠμῶν ἀπήγαγεν, 8 κελεύσας τοὺς κατηγόρους αὐτοῦ ἔρχεσθαι ἐπὶ σέ</em>
44	26	14	26	14	<blu>a</blu> 14 Or <em>Aramaic</em>
44	27	9	27	9	<blu>a</blu> 9 That is, Yom Kippur, the Day of Atonement
44	27	16	27	16	<blu>b</blu> 16 NE, BYZ, and TR <em>Κλαῦδα</em>
44	27	17	27	17	<blu>c</blu> 17 Or <em>the sails</em>
44	27	27	27	27	<blu>d</blu> 27 The Adriatic Sea referred to an area also extending well south of Italy.
44	27	28	27	28	<blu>e</blu> 28 About 120 feet or 37 meters
44	27	28	27	28	<blu>f</blu> 28 About 90 feet or 27 meters
44	27	37	27	37	<blu>g</blu> 37 WH <em>πλοίῳ ὡς ἑβδομήκοντα ἕξ</em>
44	28	4	28	4	<blu>a</blu> 4 Greek <em>Dike</em>, that is, the Greek goddess of justice
44	28	11	28	11	<blu>b</blu> 11 Greek <em>Dioscuri</em>, that is, the Greek gods Castor and Pollux
44	28	16	28	16	<blu>c</blu> 16 BYZ and TR include <em>ὁ ἑκατόνταρχος παρέδωκεν τοὺς δεσμίους τῷ στρατοπεδάρχῃ· τῷ δὲ</em>
44	28	26	28	27	<blu>d</blu> 26-27 Isaiah 6:9,10
44	28	28	28	28	<blu>e</blu> 28 BYZ and TR include <em>29 Καὶ ταῦτα αὐτοῦ εἰπόντος, ἀπῆλθον οἱ Ἰουδαῖοι, πολλὴν ἔχοντες ἐν ἑαυτοῖς συζήτησιν.</em><PF0><PI0>
45	1	17	1	17	<blu>a</blu> 17 Habakkuk 2:4
45	2	6	2	6	<blu>a</blu> 6 Psalm 62:12
45	2	24	2	24	<blu>b</blu> 24 Isaiah 52:5
45	3	4	3	4	<blu>a</blu> 4 Psalm 51:4
45	3	10	3	12	<blu>b</blu> 10-12 Psalms 14:1-3; 53:1-3
45	3	13	3	13	<blu>c</blu> 13 Psalm 5:9
45	3	13	3	13	<blu>d</blu> 13 Psalm 140:3
45	3	14	3	14	<blu>e</blu> 14 Psalm 10:7
45	3	15	3	17	<blu>f</blu> 15-17 Isaiah 59:7,8
45	3	18	3	18	<blu>g</blu> 18 Psalm 36:1
45	4	3	4	3	<blu>a</blu> 3 Genesis 15:6
45	4	7	4	8	<blu>b</blu> 7-8 Psalm 32:1,2
45	4	17	4	17	<blu>c</blu> 17 Genesis 17:5
45	4	18	4	18	<blu>d</blu> 18 Genesis 15:5
45	4	22	4	22	<blu>e</blu> 22 Genesis 15:6
45	5	1	5	1	<blu>a</blu> 1 WH and NE <em>ἔχωμεν</em>
45	7	7	7	7	<blu>a</blu> 7 Exodus 20:17; Deuteronomy 5:21
45	8	1	8	1	<blu>a</blu> 1 BYZ and TR include <em>μὴ κατὰ σάρκα περιπατοῦσιν, ἀλλὰ κατὰ πνεῦμα.</em>
45	8	2	8	2	<blu>b</blu> 2 BYZ and TR <em>ἠλευθέρωσέν με</em>
45	8	11	8	11	<blu>c</blu> 11 NA, BYZ, and TR <em>Χριστὸν</em>
45	8	36	8	36	<blu>d</blu> 36 Psalm 44:22
45	9	7	9	7	<blu>a</blu> 7 Genesis 21:12
45	9	9	9	9	<blu>b</blu> 9 Genesis 18:10,14
45	9	12	9	12	<blu>c</blu> 12 Genesis 25:23
45	9	13	9	13	<blu>d</blu> 13 Malachi 1:2,3
45	9	15	9	15	<blu>e</blu> 15 Exodus 33:19
45	9	17	9	17	<blu>f</blu> 17 Exodus 9:16
45	9	20	9	20	<blu>g</blu> 20 Isaiah 29:16; 45:9; Jeremiah 18:6
45	9	25	9	25	<blu>h</blu> 25 Hosea 2:23
45	9	26	9	26	<blu>i</blu> 26 Hosea 1:10
45	9	27	9	28	<blu>j</blu> 27-28 Isaiah 10:22,23
45	9	29	9	29	<blu>k</blu> 29 Isaiah 1:9
45	9	33	9	33	<blu>l</blu> 33 Isaiah 8:14; 28:16
45	10	5	10	5	<blu>a</blu> 5 Leviticus 18:5
45	10	6	10	6	<blu>b</blu> 6 Deuteronomy 30:12
45	10	7	10	7	<blu>c</blu> 7 Deuteronomy 30:13
45	10	8	10	8	<blu>d</blu> 8 Deuteronomy 30:14
45	10	11	10	11	<blu>e</blu> 11 Isaiah 28:16
45	10	13	10	13	<blu>f</blu> 13 Joel 2:32
45	10	15	10	15	<blu>g</blu> 15 BYZ and TR include <em>εὐαγγελιζομένων εἰρήνην, τῶν</em>
45	10	15	10	15	<blu>h</blu> 15 Isaiah 52:7
45	10	16	10	16	<blu>i</blu> 16 Isaiah 53:1
45	10	18	10	18	<blu>j</blu> 18 Psalm 19:4
45	10	19	10	19	<blu>k</blu> 19 Deuteronomy 32:21
45	10	20	10	20	<blu>l</blu> 20 Isaiah 65:1
45	10	21	10	21	<blu>m</blu> 21 Isaiah 65:2
45	11	3	11	3	<blu>a</blu> 3 1 Kings 19:10,14
45	11	4	11	4	<blu>b</blu> 4 1 Kings 19:18
45	11	6	11	6	<blu>c</blu> 6 BYZ and TR include <em>Εἰ δὲ ἐξ ἔργων, οὐκέτι ἐστὶν χάρις· ἐπεὶ τὸ ἔργον οὐκέτι ἐστὶν ἔργον.</em>
45	11	8	11	8	<blu>d</blu> 8 Isaiah 29:10; Deuteronomy 29:4
45	11	9	11	10	<blu>e</blu> 9-10 Psalm 69:22,23
45	11	26	11	27	<blu>f</blu> 26-27 Isaiah 59:20,21; 27:9
45	11	34	11	34	<blu>g</blu> 34 Isaiah 40:13
45	11	35	11	35	<blu>h</blu> 35 Job 41:11
45	12	19	12	19	<blu>a</blu> 19 Deuteronomy 32:35
45	12	20	12	20	<blu>b</blu> 20 Proverbs 25:21,22
45	13	9	13	9	<blu>a</blu> 9 Exodus 20:13-17; Deuteronomy 5:17-21
45	13	9	13	9	<blu>b</blu> 9 Leviticus 19:18
45	14	6	14	6	<blu>a</blu> 6 BYZ and TR include <em>καὶ ὁ μὴ φρονῶν τὴν ἡμέραν, κυρίῳ οὐ φρονεῖ</em>
45	14	11	14	11	<blu>b</blu> 11 Or <em>will give praise</em>
45	14	11	14	11	<blu>c</blu> 11 Isaiah 45:23
45	14	21	14	21	<blu>d</blu> 21 SBL, BYZ and TR include <em>ἢ σκανδαλίζεται ἢ ἀσθενεῖ</em>
45	14	23	14	23	<blu>e</blu> 23 Some manuscripts place Romans 16:25-27 here, or after Romans 15:33.
45	15	3	15	3	<blu>a</blu> 3 Psalm 69:9
45	15	9	15	9	<blu>b</blu> 9 2 Samuel 22:50; Psalm 18:49
45	15	10	15	10	<blu>c</blu> 10 Deuteronomy 32:43
45	15	11	15	11	<blu>d</blu> 11 Psalm 117:1
45	15	12	15	12	<blu>e</blu> 12 Isaiah 11:10
45	15	21	15	21	<blu>f</blu> 21 Isaiah 52:15
45	15	29	15	29	<blu>g</blu> 29 TR and BYZ include <em>τοῦ εὐαγγελίου τοῦ</em>
45	16	1	16	1	<blu>a</blu> 1 Or <em>deaconess</em>
45	16	3	16	3	<blu>b</blu> 3 Or <em>Priscilla</em>
45	16	23	16	23	<blu>c</blu> 23 SBL, BYZ, and TR include <em>24 Ἡ χάρις τοῦ κυρίου ἡμῶν Ἰησοῦ Χριστοῦ μετὰ πάντων ὑμῶν. Ἀμήν.</em><PF0><PI0>
46	1	12	1	12	<blu>a</blu> 12 That is, Peter
46	1	19	1	19	<blu>b</blu> 19 Isaiah 29:14
46	1	31	1	31	<blu>c</blu> 31 Jeremiah 9:24
46	2	9	2	9	<blu>a</blu> 9 Isaiah 64:4
46	2	16	2	16	<blu>b</blu> 16 Isaiah 40:13
46	3	19	3	19	<blu>a</blu> 19 Job 5:13
46	3	20	3	20	<blu>b</blu> 20 Psalm 94:11
46	3	22	3	22	<blu>c</blu> 22 That is, Peter
46	4	17	4	17	<blu>a</blu> 17 BYZ and TR <em>ὁδούς μου τὰς ἐν χριστῷ,</em>
46	5	5	5	5	<blu>a</blu> 5 BYZ and TR <em>τοῦ κυρίου Ἰησοῦ</em>
46	5	13	5	13	<blu>b</blu> 13 Deuteronomy 17:7
46	6	16	6	16	<blu>a</blu> 16 Genesis 2:24
46	6	20	6	20	<blu>b</blu> 20 BYZ and TR include <em>καὶ ἐν τῷ πνεύματι ὑμῶν, ἅτινά ἐστιν τοῦ θεοῦ</em>
46	7	15	7	15	<blu>a</blu> 15 SBL, BYZ, and TR <em>ἡμᾶς</em>
46	7	26	7	26	<blu>b</blu> 26 Or <em>impending</em>
46	9	5	9	5	<blu>a</blu> 5 That is, Peter
46	9	9	9	9	<blu>b</blu> 9 Deuteronomy 25:4
46	10	7	10	7	<blu>a</blu> 7 Exodus 32:6
46	10	9	10	9	<blu>b</blu> 9 WH, NE, and Tischendorf <em>τὸν κύριον</em>
46	10	26	10	26	<blu>c</blu> 26 Psalm 24:1
46	10	28	10	28	<blu>d</blu> 28 BYZ and TR <em>καὶ τὴν συνείδησιν· Tοῦ γὰρ κυρίου ἡ γῆ καὶ τὸ πλήρωμα αὐτῆς</em>
46	11	24	11	24	<blu>a</blu> 24 BYZ and TR <em>τὸ ὑπὲρ ὑμῶν κλώμενον</em>
46	13	3	13	3	<blu>a</blu> 3 SBL, NE, BYZ, and TR <em>καυθήσομαι</em>
46	14	21	14	21	<blu>a</blu> 21 Isaiah 28:11,12
46	14	38	14	38	<blu>b</blu> 38 BYZ and TR <em>ἀγνοείτω</em>
46	15	5	15	5	<blu>a</blu> 5 That is, Peter
46	15	27	15	27	<blu>b</blu> 27 Psalm 8:6
46	15	32	15	32	<blu>c</blu> 32 Isaiah 22:13
46	15	33	15	33	<blu>d</blu> 33 Probably a quote from the Greek comedy 'Thais' by Menander
46	15	45	15	45	<blu>e</blu> 45 Genesis 2:7
46	15	54	15	54	<blu>f</blu> 54 Isaiah 25:8
46	15	55	15	55	<blu>g</blu> 55 Hosea 13:14
46	16	19	16	19	<blu>a</blu> 19 Or <em>Priscilla</em>
46	16	22	16	22	<blu>b</blu> 22 Greek <em>Maranatha</em> (a transliteration of Aramaic)
46	16	24	16	24	<blu>c</blu> 24 SBL, WH, and NA do not include <em>Ἀμήν</em><PF0><PI0>
47	1	19	1	19	<blu>a</blu> 19 That is, Silas
47	4	6	4	6	<blu>a</blu> 6 Genesis 1:3
47	4	6	4	6	<blu>b</blu> 6 SBL, NE, and WH <em>προσώπῳ Χριστοῦ</em>
47	4	13	4	13	<blu>c</blu> 13 Psalm 116:10
47	5	17	5	17	<blu>a</blu> 17 Or <em>creature</em>
47	5	21	5	21	<blu>b</blu> 21 Or <em>be a sin offering</em>
47	6	2	6	2	<blu>a</blu> 2 Isaiah 49:8
47	6	16	6	16	<blu>b</blu> 16 Leviticus 26:12; Ezekiel 37:27
47	6	17	6	17	<blu>c</blu> 17 Isaiah 52:11; Ezekiel 20:34
47	8	15	8	15	<blu>a</blu> 15 Exodus 16:18
47	9	9	9	9	<blu>a</blu> 9 Psalm 112:9
47	10	17	10	17	<blu>a</blu> 17 Jeremiah 9:24
47	13	1	13	1	<blu>a</blu> 1 Deuteronomy 19:15
47	13	11	13	11	<blu>b</blu> 11 Or <em>listen to my appeal</em>
47	13	14	13	14	<blu>c</blu> 14 Texts vary in verse numbering for the last three verses of 2 Corinthians 13. BYZ ends with <em>Ἀμήν</em>.<PF0><PI0>
48	1	18	1	18	<blu>a</blu> 18 That is, Peter
48	2	7	2	7	<blu>a</blu> 7 Literal, <em>the uncircumcision</em>
48	2	7	2	7	<blu>b</blu> 7 Literal, <em>the circumcision</em>; also in verses 8 and 9
48	2	9	2	9	<blu>c</blu> 9 That is, Peter; also in verses 11 and 14
48	2	21	2	21	<blu>d</blu> 21 Some interpreters close the quotation after verse 14 or 16.
48	3	6	3	6	<blu>a</blu> 6 Genesis 15:6
48	3	8	3	8	<blu>b</blu> 8 Genesis 12:3; 18:18; 22:18
48	3	10	3	10	<blu>c</blu> 10 Deuteronomy 27:26
48	3	11	3	11	<blu>d</blu> 11 Habakkuk 2:4
48	3	12	3	12	<blu>e</blu> 12 Leviticus 18:5
48	3	13	3	13	<blu>f</blu> 13 Deuteronomy 21:23
48	3	16	3	16	<blu>g</blu> 16 Genesis 12:7; 13:15
48	4	3	4	3	<blu>a</blu> 3 Or <em>forces; also in verse 9</em>
48	4	27	4	27	<blu>b</blu> 27 Isaiah 54:1
48	4	28	4	28	<blu>c</blu> 28 WH, BYZ, and TR <em>ἡμεῖς</em>
48	4	30	4	30	<blu>d</blu> 30 Genesis 21:10
48	5	14	5	14	<blu>a</blu> 14 Leviticus 19:18
48	6	14	6	14	<blu>a</blu> 14 Or <em>through whom</em><PF0><PI0>
49	1	1	1	1	<blu>a</blu> 1 Some manuscripts do not include <em>ἐν Ἐφέσῳ</em>
49	3	14	3	14	<blu>a</blu> 14 BYZ and TR include <em>τοῦ κυρίου ἡμῶν Ἰησοῦ χριστοῦ</em>
49	4	8	4	8	<blu>a</blu> 8 Or <em>He says </em>
49	4	8	4	8	<blu>b</blu> 8 Psalm 68:18
49	4	26	4	26	<blu>c</blu> 26 Psalm 4:4
49	5	30	5	30	<blu>a</blu> 30 BYZ and TR include <em>ἐκ τῆς σαρκὸς αὐτοῦ καὶ ἐκ τῶν ὀστέων αὐτοῦ</em>
49	5	31	5	31	<blu>b</blu> 31 Genesis 2:24
49	6	2	6	3	<blu>a</blu> 2-3 Deuteronomy 5:16<PF0><PI0>
50	1	13	1	13	<blu>a</blu> 13 Or <em>palace</em>
50	1	14	1	14	<blu>b</blu> 14 NE and WH <em>λόγον τοῦ Θεοῦ</em>
50	2	15	2	15	<blu>a</blu> 15 Deuteronomy 32:5
50	4	23	4	23	<blu>a</blu> 23 BYZ and TR include <em>Ἀμήν.</em><PF0><PI0>
51	1	2	1	2	<blu>a</blu> 2 BYZ and TR <em>θεοῦ πατρὸς ἡμῶν καὶ κυρίου Ἰησοῦ χριστοῦ</em>
51	1	7	1	7	<blu>b</blu> 7 NE, NA, BYZ, and TR <em>ὑμῶν</em>
51	1	12	1	12	<blu>c</blu> 12 BYZ and TR <em>ἡμᾶς</em>
51	1	23	1	23	<blu>d</blu> 23 Or <em>to every creature</em>
51	3	4	3	4	<blu>a</blu> 4 NE, WH, BYZ, and TR <em>ἡμῶν</em>
51	3	6	3	6	<blu>b</blu> 6 NE, WH, and Tischendorf do not include <em>ἐπὶ τοὺς υἱοὺς τῆς ἀπειθείας</em>
51	4	18	4	18	<blu>a</blu> 18 BYZ and TR include <em>Ἀμήν.</em><PF0><PI0>
52	1	1	1	1	<blu>a</blu> 1 That is, Silas
52	1	1	1	1	<blu>b</blu> 1 BYZ and TR include <em>ἀπὸ Θεοῦ πατρὸς ἡμῶν, καὶ κυρίου Ἰησοῦ Χριστοῦ</em>
52	5	28	5	28	<blu>a</blu> 28 BYZ and TR include <em>Ἀμήν.</em><PF0><PI0>
53	1	1	1	1	<blu>a</blu> 1 That is, Silas
53	2	13	2	13	<blu>a</blu> 13 Or <em>God has chosen you as the firstfruits</em>
53	3	18	3	18	<blu>a</blu> 18 BYZ and TR include <em>Ἀμήν.</em><PF0><PI0>
54	2	11	2	11	<blu>a</blu> 11 Or <em>wife</em>; also in verse 12
54	2	12	2	12	<blu>b</blu> 12 Or <em>over her husband</em>
54	3	11	3	11	<blu>a</blu> 11 Or <em>their wives</em>
54	3	16	3	16	<blu>b</blu> 16 Or <em>vindicated in spirit</em>
54	4	10	4	10	<blu>a</blu> 10 SBL, BYZ, and TR <em>ὀνειδιζόμεθα</em>
54	5	18	5	18	<blu>a</blu> 18 Deuteronomy 25:4
54	5	18	5	18	<blu>b</blu> 18 Luke 10:7
54	6	5	6	5	<blu>a</blu> 5 BYZ and TR include <em>Ἀφίστασο ἀπὸ τῶν τοιούτων</em>
54	6	7	6	7	<blu>b</blu> 7 BYZ and TR <em>κόσμον, δῆλον</em>
54	6	21	6	21	<blu>c</blu> 21 BYZ and TR include <em>Ἀμήν.</em><PF0><PI0>
55	2	14	2	14	<blu>a</blu> 14 SBL, BYZ, and TR <em>τοῦ κυρίου</em>
55	4	19	4	19	<blu>a</blu> 19 That is, Priscilla
55	4	22	4	22	<blu>b</blu> 22 BYZ and TR include <em>Ἀμήν.</em><PF0><PI0>
56	1	12	1	12	<blu>a</blu> 12 This quote has been attributed to the Cretan philosopher Epimenides
56	3	15	3	15	<blu>a</blu> 15 BYZ and TR include <em>Ἀμήν.</em><PF0><PI0>
57	1	10	1	10	<blu>a</blu> 10 Onesimus means useful (see verse 11) or beneficial (see verse 20)
57	1	25	1	25	<blu>b</blu> 25 BYZ and TR include <em>Ἀμήν.</em><PF0><PI0>
58	1	5	1	5	<blu>a</blu> 5 Psalm 2:7
58	1	5	1	5	<blu>b</blu> 5 2 Samuel 7:14; 1 Chronicles 17:13
58	1	6	1	6	<blu>c</blu> 6 Deuteronomy 32:43
58	1	7	1	7	<blu>d</blu> 7 Psalm 104:4
58	1	8	1	9	<blu>e</blu> 8-9 Psalm 45:6,7
58	1	12	1	12	<blu>f</blu> 12 BYZ and TR do not include <em>ὡς ἱμάτιον</em>
58	1	10	1	12	<blu>g</blu> 10-12 Psalm 102:25-27
58	1	13	1	13	<blu>h</blu> 13 Psalm 110:1
58	2	7	2	7	<blu>a</blu> 7 Or <em>a little while lower</em>; also in verse 9
58	2	7	2	7	<blu>b</blu> 7 WH and TR include <em>καὶ κατέστησας αὐτὸν ἐπὶ τὰ ἔργα τῶν χειρῶν σου</em>
58	2	6	2	8	<blu>c</blu> 6-8 Psalm 8:4-6
58	2	12	2	12	<blu>d</blu> 12 Psalm 22:22
58	2	13	2	13	<blu>e</blu> 13 Isaiah 8:17
58	2	13	2	13	<blu>f</blu> 13 Isaiah 8:18
58	3	5	3	5	<blu>a</blu> 5 Numbers 12:7
58	3	6	3	6	<blu>b</blu> 6 NE, WH, BYZ, and TR include <em>μέχρι τέλους βεβαίαν</em>
58	3	7	3	11	<blu>c</blu> 7-11 Psalm 95:7-11
58	3	15	3	15	<blu>d</blu> 15 Psalm 95:7,8
58	4	3	4	3	<blu>a</blu> 3 Psalm 95:11; also in verse 5
58	4	4	4	4	<blu>b</blu> 4 Genesis 2:2
58	4	7	4	7	<blu>c</blu> 7 Psalm 95:7,8
58	5	5	5	5	<blu>a</blu> 5 Psalm 2:7
58	5	6	5	6	<blu>b</blu> 6 Psalm 110:4
58	6	1	6	1	<blu>a</blu> 1 Or <em>from pointless rituals</em>
58	6	2	6	2	<blu>b</blu> 2 Or <em>cleansing rites</em>
58	6	14	6	14	<blu>c</blu> 14 Genesis 22:17
58	7	17	7	17	<blu>a</blu> 17 Psalm 110:4
58	7	21	7	21	<blu>b</blu> 21 Psalm 110:4
58	7	25	7	25	<blu>c</blu> 25 Or <em>forever</em>
58	8	5	8	5	<blu>a</blu> 5 Exodus 25:40
58	8	8	8	12	<blu>b</blu> 8-12 Jeremiah 31:31-34
58	9	11	9	11	<blu>a</blu> 11 BYZ and TR <em>μελλόντων</em>
58	9	14	9	14	<blu>b</blu> 14 BYZ and TR <em>ὑμῶν</em>
58	9	20	9	20	<blu>c</blu> 20 Exodus 24:8
58	10	5	10	7	<blu>a</blu> 5-7 Psalm 40:6-8
58	10	16	10	16	<blu>b</blu> 16 Jeremiah 31:33
58	10	17	10	17	<blu>c</blu> 17 Jeremiah 31:34
58	10	30	10	30	<blu>d</blu> 30 Deuteronomy 32:35
58	10	30	10	30	<blu>e</blu> 30 Deuteronomy 32:36; Psalm 135:14
58	10	38	10	38	<blu>f</blu> 38 BYZ and TR <em>Ὁ δὲ δίκαιος </em>
58	10	38	10	38	<blu>g</blu> 38 Habakkuk 2:3,4
58	11	5	11	5	<blu>a</blu> 5 Genesis 5:24
58	11	18	11	18	<blu>b</blu> 18 Genesis 21:12
58	11	37	11	37	<blu>c</blu> 37 NE, WH, BYZ, and TR include <em>ἐπειράσθησαν,</em>
58	12	5	12	6	<blu>a</blu> 5-6 Proverbs 3:11,12
58	12	20	12	20	<blu>b</blu> 20 Exodus 19:12,13
58	12	21	12	21	<blu>c</blu> 21 See Deuteronomy 9:19
58	12	26	12	26	<blu>d</blu> 26 Haggai 2:6
58	12	29	12	29	<blu>e</blu> 29 Deuteronomy 4:24
58	13	5	13	5	<blu>a</blu> 5 Deuteronomy 31:6
58	13	6	13	6	<blu>b</blu> 6 Psalm 118:6
58	13	21	13	21	<blu>c</blu> 21 BYZ and TR <em>παντὶ ἔργῳ ἀγαθῷ</em>
58	13	21	13	21	<blu>d</blu> 21 BYZ and TR <em>ὑμῖν</em>
58	13	25	13	25	<blu>e</blu> 25 BYZ and TR include <em>Ἀμήν.</em><PF0><PI0>
59	2	8	2	8	<blu>a</blu> 8 Leviticus 19:18
59	2	11	2	11	<blu>b</blu> 11 Exodus 20:14; Deuteronomy 5:18
59	2	11	2	11	<blu>c</blu> 11 Exodus 20:13; Deuteronomy 5:17
59	2	20	2	20	<blu>d</blu> 20 BYZ and TR <em>νεκρά</em>
59	2	23	2	23	<blu>e</blu> 23 Genesis 15:6
59	4	4	4	4	<blu>a</blu> 4 See Hosea 3:1
59	4	6	4	6	<blu>b</blu> 6 Proverbs 3:34
60	1	16	1	16	<blu>a</blu> 16 Leviticus 11:44,45; 19:2; 20:7
60	1	22	1	22	<blu>b</blu> 22 SBL, NE, and WH <em>ἐκ καρδίας</em>
60	1	24	1	25	<blu>c</blu> 24-25 Isaiah 40:6-8
60	2	6	2	6	<blu>a</blu> 6 Isaiah 28:16
60	2	7	2	7	<blu>b</blu> 7 Psalm 118:22
60	2	8	2	8	<blu>c</blu> 8 Isaiah 8:14
60	2	22	2	22	<blu>d</blu> 22 Isaiah 53:9
60	2	24	2	24	<blu>e</blu> 24 Isaiah 53:5
60	2	25	2	25	<blu>f</blu> 25 Isaiah 53:6
60	3	10	3	12	<blu>a</blu> 10-12 Psalm 34:12-16
60	3	14	3	14	<blu>b</blu> 14 Or <em>fear what they fear</em>
60	3	14	3	14	<blu>c</blu> 14 Isaiah 8:12
60	3	18	3	18	<blu>d</blu> 18 NE and WH <em>ἀπέθανεν</em>
60	4	1	4	1	<blu>a</blu> 1 BYZ and TR include <em>ὑπὲρ ἡμῶν</em>
60	4	14	4	14	<blu>b</blu> 14 BYZ and TR include <em>κατὰ μὲν αὐτοὺς βλασφημεῖται, κατὰ δὲ ὑμᾶς δοξάζεται.</em>
60	4	16	4	16	<blu>c</blu> 16 NA <em>μέρει</em>
60	4	18	4	18	<blu>d</blu> 18 Proverbs 11:31
60	5	1	5	1	<blu>a</blu> 1 SBL, NE, and WH <em>οὖν</em>
60	5	2	5	2	<blu>b</blu> 2 NE and WH do not include <em>ἐπισκοποῦντες</em>
60	5	2	5	2	<blu>c</blu> 2 WH, BYZ, and TR do not include <em>κατὰ θεόν</em>
60	5	5	5	5	<blu>d</blu> 5 Proverbs 3:34
60	5	10	5	10	<blu>e</blu> 10 BYZ and TR <em>ἐν χριστῷ Ἰησοῦ</em>
60	5	12	5	12	<blu>f</blu> 12 That is, Silas
60	5	14	5	14	<blu>g</blu> 14 BYZ and TR include <em>Ἀμήν.</em><PF0><PI0>
61	1	17	1	17	<blu>a</blu> 17 Matthew 17:5; Mark 9:7; Luke 9:35
61	2	4	2	4	<blu>a</blu> 4 Or <em>in gloomy dungeons</em>
61	2	6	2	6	<blu>b</blu> 6 WH <em>Σοδόμων καὶ Γομόρρας τεφρώσας κατέκρινεν</em>
61	2	6	2	6	<blu>c</blu> 6 NE, NA, BYZ, and TR <em>ἀσεβεῖν</em>
61	2	20	2	20	<blu>d</blu> 20 Some manuscripts <em>τοῦ κυρίου ἡμῶν καὶ σωτῆρος</em>
61	2	22	2	22	<blu>e</blu> 22 Proverbs 26:11
61	3	6	3	6	<blu>a</blu> 6 NA <em>ὃν</em>
61	3	10	3	10	<blu>b</blu> 10 BYZ and TR <em>κατακαήσεται</em>; SBL, NE, WH <em>ἔργα εὑρεθήσεται</em>
61	3	16	3	16	<blu>c</blu> 16 Or <em>in all the letters</em>
61	3	16	3	16	<blu>d</blu> 16 NA <em>στρεβλώσουσιν</em>
61	3	18	3	18	<blu>e</blu> 18 NE, WH, and NA do not include <em>Ἀμήν.</em><PF0><PI0>
62	1	4	1	4	<blu>a</blu> 4 BYZ and TR <em>ὑμῖν</em>
62	1	7	1	7	<blu>b</blu> 7 NA does Not include <em>δὲ</em>
62	2	20	2	20	<blu>a</blu> 20 BYZ and TR <em>οἴδατε πάντα</em>
62	3	2	3	2	<blu>a</blu> 2 Or <em>when it appears</em>
62	3	7	3	7	<blu>b</blu> 7 NA <em>Παιδία</em>
62	4	3	4	3	<blu>a</blu> 3 BYZ and TR <em>Ἰησοῦν χριστὸν ἐν σαρκὶ ἐληλυθότα</em>
62	4	6	4	6	<blu>b</blu> 6 Or <em>spirit</em>
62	5	7	5	7	<blu>a</blu> 7 TR and GOC include <em>εν τῷ οὐρανῷ, ὁ πατήρ, ὁ λόγος, καὶ τὸ Ἅγιον Πνεῦμα· καὶ οὗτοι οἱ τρεῖς ἕν εἰσι. 8 καὶ τρεῖς εἰσὶν οἱ μαρτυροῦντες ἐν τῇ γῇ,</em>
62	5	13	5	13	<blu>b</blu> 13 BYZ and TR include <em>καὶ ἵνα πιστεύητε εἰς τὸ ὄνομα τοῦ υἱοῦ τοῦ θεοῦ.</em>
62	5	18	5	18	<blu>c</blu> 18 NA, BYZ, and TR <em>ἑαυτὸν</em>
62	5	21	5	21	<blu>d</blu> 21 BYZ and TR include <em>Ἀμήν.</em><PF0><PI0>
63	1	8	1	8	<blu>a</blu> 8 NE and WH <em>ἠργασάμεθα</em>
63	1	13	1	13	<blu>b</blu> 13 BYZ and TR include <em>Ἀμήν.</em><PF0><PI0>
65	1	5	1	5	<blu>a</blu> 5 NE, WH, BYZ, and TR <em>Κύριος</em>
65	1	9	1	9	<blu>b</blu> 9 See the Testament of Moses
65	1	12	1	12	<blu>c</blu> 12 Or <em>blemishes</em>
65	1	15	1	15	<blu>d</blu> 15 See the First Book of Enoch<PF0><PI0>
66	1	4	1	4	<blu>a</blu> 4 Or <em>sevenfold Spirit</em>; also in chapters 3, 4, and 5
66	1	8	1	8	<blu>b</blu> 8 TR includes <em>ἀρχὴ καὶ τέλος</em>
66	1	11	1	11	<blu>c</blu> 11 TR includes <em>Ἐγώ ἐιμι τὸ Α καὶ τὸ Ω, ὁ πρῶτος καὶ ὁ ἔσχατος· καὶ</em>
66	1	13	1	13	<blu>d</blu> 13 See Daniel 7:13
66	2	26	2	27	<blu>a</blu> 26-27 Psalm 2:8,9
66	5	10	5	10	<blu>a</blu> 10 WH <em>βασιλεύουσιν</em>
66	5	14	5	14	<blu>b</blu> 14 TR includes <em>ζῶντι εἰς τοὺς αἰωνας τῶν αἰώνων</em>
66	6	6	6	6	<blu>a</blu> 6 A choenix was a Greek dry measure, equivalent to 1.92 pints. A denarius was customarily a day's wage for a laborer (see Matthew 20:2)
66	6	16	6	16	<blu>b</blu> 16 See Hosea 10:8
66	6	17	6	17	<blu>c</blu> 17 BYZ and TR <em>αὐτοῦ</em>
66	7	16	7	16	<blu>a</blu> 16 Isaiah 49:10
66	7	17	7	17	<blu>b</blu> 17 Psalm 23:1
66	7	17	7	17	<blu>c</blu> 17 Psalm 23:2
66	7	17	7	17	<blu>d</blu> 17 Isaiah 25:8
66	9	11	9	11	<blu>a</blu> 11 Abaddon means destruction
66	9	11	9	11	<blu>b</blu> 11 Apollyon means destroyer
66	10	9	10	9	<blu>a</blu> 9 Numbers 5:24; Ezekiel 3:3
66	11	4	11	4	<blu>a</blu> 4 Zechariah 4:3,11,14.
66	11	17	11	17	<blu>b</blu> 17 TR includes <em>καὶ ὁ ἐρχόμενος</em>
66	12	5	12	5	<blu>a</blu> 5 Psalm 2:9
66	12	17	12	17	<blu>b</blu> 17 BYZ and TR <em>Καὶ ἐστάθην ἐπὶ τὴν ἄμμον τῆς θαλάσσης· </em>Some texts number this sentence as verse 18, and others include it with 13:1.
66	13	10	13	10	<blu>a</blu> 10 NE, WH, and BYZ <em>ἀποκτενεῖ</em>
66	13	10	13	10	<blu>b</blu> 10 Jeremiah 15:2
66	13	18	13	18	<blu>c</blu> 18 Some manuscripts <em>ἑξακόσιοι δεκα ἕξ</em>
66	14	5	14	5	<blu>a</blu> 5 BYZ and TR include <em>ἐνώπιον τοῦ θρόνου τοῦ Θεοῦ</em>
66	14	8	14	8	<blu>b</blu> 8 Isaiah 21:9; Daniel 4:30
66	14	14	14	14	<blu>c</blu> 14 See Daniel 7:13
66	14	20	14	20	<blu>d</blu> 20 About 183 miles or 29 kilometers
66	15	3	15	3	<blu>a</blu> 3 SBL and WH <em>αἰώνων</em>; TR <em>ἁγίων</em>
66	16	21	16	21	<blu>a</blu> 21 Greek <em>a talent in weight</em>, or about 45 kilograms
66	18	2	18	2	<blu>a</blu> 2 Isaiah 21:9; Daniel 4:30
66	18	2	18	2	<blu>b</blu> 2 NE, WH, BYZ, and TR do not include <em>καὶ φυλακὴ παντὸς θηρίου ἀκαθάρτου</em>
66	18	3	18	3	<blu>c</blu> 3 SBL and WH <em>πέπτωκαν</em>
66	18	4	18	4	<blu>d</blu> 4 Jeremiah 51:45
66	19	13	19	13	<blu>a</blu> 13 WH <em>ῤεραντισμένον</em>
66	19	15	19	15	<blu>b</blu> 15 Psalm 2:9
66	20	9	20	9	<blu>a</blu> 9 BYZ and TR include <em>τοῦ θεοῦ</em>
66	21	1	21	1	<blu>a</blu> 1 Isaiah 65:17; 66:22
66	21	3	21	3	<blu>b</blu> 3 SBL, NE, WH, and BYZ do not include <em>as their God</em>
66	21	4	21	4	<blu>c</blu> 4 Isaiah 25:8
66	21	16	21	16	<blu>d</blu> 16 About 1,370 miles or 2,200 kilometers
66	21	17	21	17	<blu>e</blu> 17 That is, about 200 feet or 65 meters. The measure could indicate either height or thickness.
66	21	24	21	24	<blu>f</blu> 24 BYZ and TR include <em>καὶ τιμὴν</em>
66	22	14	22	14	<blu>a</blu> 14 BYZ and TR <em>ποιοῦντες τὰς ἐντολὰς</em>
66	22	21	22	21	<blu>b</blu> 21 WH and BYZ <em>τοῦ Κυρίου Ἰησοῦ Χριστοῦ</em>; TR <em>τοῦ Κυρίου ημῶν Ἰησοῦ Χριστοῦ</em>
66	22	21	22	21	<blu>c</blu> 21 SBL, WH, NE, and TR do not include <em>ἁγίων</em>
66	22	21	22	21	<blu>d</blu> 21 SBL, WH, NE, and NA do not include <em>Ἀμήν.</em><PF0><PI0>
